,Time,Driver,DriverNumber,LapTime,LapNumber,Stint,PitOutTime,PitInTime,Sector1Time,Sector2Time,Sector3Time,Sector1SessionTime,Sector2SessionTime,Sector3SessionTime,SpeedI1,SpeedI2,SpeedFL,SpeedST,IsPersonalBest,Compound,TyreLife,FreshTyre,Team,LapStartTime,LapStartDate,TrackStatus,Position,Deleted,DeletedReason,FastF1Generated,IsAccurate,LapTime_in_seconds,laptime_sum_sectortimes
0,0 days 00:17:05.058000,PIA,81,,1.0,1.0,0 days 00:15:03.151000,,,35.62,53.33,,0 days 00:16:11.813000,0 days 00:17:05.125000,247.0,256.0,273.0,307.0,False,SOFT,6.0,False,McLaren,0 days 00:15:03.151000,2025-03-22 07:02:08.658,12,,False,,False,False,,
1,0 days 00:18:36.649000,PIA,81,0 days 00:01:31.591000,2.0,1.0,,,24.176,27.442,39.973,0 days 00:17:29.234000,0 days 00:17:56.676000,0 days 00:18:36.649000,282.0,276.0,268.0,330.0,True,SOFT,7.0,False,McLaren,0 days 00:17:05.058000,2025-03-22 07:04:10.565,21,,False,,False,True,91.591,91.591
2,0 days 00:20:28.126000,PIA,81,0 days 00:01:51.477000,3.0,1.0,,0 days 00:20:26.329000,29.205,31.339,50.933,0 days 00:19:05.854000,0 days 00:19:37.193000,0 days 00:20:28.126000,235.0,246.0,,286.0,False,SOFT,8.0,False,McLaren,0 days 00:18:36.649000,2025-03-22 07:05:42.156,1,,False,,False,False,111.477,111.477
3,0 days 00:24:11.638000,PIA,81,,4.0,2.0,0 days 00:22:18.298000,,,31.668,51.759,,0 days 00:23:19.908000,0 days 00:24:11.795000,265.0,257.0,272.0,313.0,False,SOFT,1.0,True,McLaren,0 days 00:20:28.126000,2025-03-22 07:07:33.633,1,,False,,False,False,,
4,0 days 00:25:43.565000,PIA,81,0 days 00:01:31.927000,5.0,2.0,,,24.252,27.538,40.137,0 days 00:24:35.890000,0 days 00:25:03.428000,0 days 00:25:43.565000,283.0,277.0,270.0,328.0,False,SOFT,2.0,True,McLaren,0 days 00:24:11.638000,2025-03-22 07:11:17.145,1,,False,,False,True,91.927,91.92699999999999
5,0 days 00:27:54.052000,PIA,81,0 days 00:02:10.487000,6.0,2.0,,,36.243,39.914,54.33,0 days 00:26:19.808000,0 days 00:26:59.722000,0 days 00:27:54.052000,184.0,214.0,99.0,292.0,False,SOFT,3.0,True,McLaren,0 days 00:25:43.565000,2025-03-22 07:12:49.072,1,,False,,False,True,130.487,130.48700000000002
6,0 days 00:30:06.578000,PIA,81,0 days 00:02:12.526000,7.0,2.0,,,37.431,39.997,55.098,0 days 00:28:31.483000,0 days 00:29:11.480000,0 days 00:30:06.578000,182.0,236.0,274.0,299.0,False,SOFT,4.0,True,McLaren,0 days 00:27:54.052000,2025-03-22 07:14:59.559,1,,False,,False,True,132.526,132.526
7,0 days 00:31:45.612000,PIA,81,0 days 00:01:39.034000,8.0,2.0,,0 days 00:31:43.888000,24.079,27.44,47.515,0 days 00:30:30.657000,0 days 00:30:58.097000,0 days 00:31:45.612000,283.0,278.0,,327.0,False,SOFT,5.0,True,McLaren,0 days 00:30:06.578000,2025-03-22 07:17:12.085,1,,False,,False,False,99.034,99.034
8,0 days 00:42:15.963000,PIA,81,,9.0,3.0,0 days 00:40:25.245000,,,31.971,50.157,,0 days 00:41:25.883000,0 days 00:42:16.091000,257.0,251.0,264.0,308.0,False,SOFT,1.0,True,McLaren,0 days 00:31:45.612000,2025-03-22 07:18:51.119,12,,False,,False,False,,
9,0 days 00:43:47.163000,PIA,81,0 days 00:01:31.200000,10.0,3.0,,,24.219,27.341,39.64,0 days 00:42:40.182000,0 days 00:43:07.523000,0 days 00:43:47.163000,285.0,279.0,271.0,328.0,True,SOFT,2.0,True,McLaren,0 days 00:42:15.963000,2025-03-22 07:29:21.470,1,,False,,False,True,91.2,91.2
10,0 days 00:45:45.064000,PIA,81,0 days 00:01:57.901000,11.0,3.0,,0 days 00:45:43.388000,31.052,33.18,53.669,0 days 00:44:18.215000,0 days 00:44:51.395000,0 days 00:45:45.064000,234.0,230.0,,270.0,False,SOFT,3.0,True,McLaren,0 days 00:43:47.163000,2025-03-22 07:30:52.670,1,,False,,False,False,117.901,117.901
11,0 days 00:50:21.987000,PIA,81,,12.0,4.0,0 days 00:48:21.266000,,,34.238,49.562,,0 days 00:49:32.591000,0 days 00:50:22.237000,261.0,240.0,275.0,307.0,False,SOFT,4.0,False,McLaren,0 days 00:45:45.064000,2025-03-22 07:32:50.571,1,,False,,False,False,,
12,0 days 00:51:53.232000,PIA,81,0 days 00:01:31.245000,13.0,4.0,,,24.103,27.315,39.827,0 days 00:50:46.090000,0 days 00:51:13.405000,0 days 00:51:53.232000,285.0,278.0,274.0,330.0,False,SOFT,5.0,False,McLaren,0 days 00:50:21.987000,2025-03-22 07:37:27.494,1,,False,,False,True,91.245,91.245
13,0 days 00:53:49.502000,PIA,81,0 days 00:01:56.270000,14.0,4.0,,0 days 00:53:47.700000,30.327,32.984,52.959,0 days 00:52:23.559000,0 days 00:52:56.543000,0 days 00:53:49.502000,237.0,246.0,,262.0,False,SOFT,6.0,False,McLaren,0 days 00:51:53.232000,2025-03-22 07:38:58.739,1,,False,,False,False,116.27,116.27000000000001
14,0 days 01:03:32.813000,PIA,81,,15.0,5.0,0 days 01:01:38.595000,,,33.257,47.655,,0 days 01:02:45.252000,0 days 01:03:32.813000,263.0,255.0,273.0,306.0,False,SOFT,1.0,True,McLaren,0 days 00:53:49.502000,2025-03-22 07:40:55.009,12,,False,,False,False,,
15,0 days 01:05:03.516000,PIA,81,0 days 00:01:30.703000,16.0,5.0,,,23.984,27.163,39.556,0 days 01:03:56.797000,0 days 01:04:23.960000,0 days 01:05:03.516000,283.0,279.0,271.0,327.0,True,SOFT,2.0,True,McLaren,0 days 01:03:32.813000,2025-03-22 07:50:38.320,1,,False,,False,True,90.703,90.703
16,0 days 01:06:59.968000,PIA,81,0 days 00:01:56.452000,17.0,5.0,,0 days 01:06:58.066000,29.231,33.61,53.611,0 days 01:05:32.747000,0 days 01:06:06.357000,0 days 01:06:59.968000,211.0,237.0,,257.0,False,SOFT,3.0,True,McLaren,0 days 01:05:03.516000,2025-03-22 07:52:09.023,1,,False,,False,False,116.452,116.452
17,0 days 01:11:34.369000,PIA,81,,18.0,6.0,0 days 01:09:44.110000,,,33.824,47.569,,0 days 01:10:46.990000,0 days 01:11:34.620000,263.0,247.0,276.0,307.0,False,SOFT,1.0,True,McLaren,0 days 01:06:59.968000,2025-03-22 07:54:05.475,1,,False,,False,False,,
18,0 days 01:13:05.010000,PIA,81,0 days 00:01:30.641000,19.0,6.0,,,23.996,27.227,39.418,0 days 01:11:58.365000,0 days 01:12:25.592000,0 days 01:13:05.010000,284.0,278.0,272.0,329.0,True,SOFT,2.0,True,McLaren,0 days 01:11:34.369000,2025-03-22 07:58:39.876,1,,False,,False,True,90.641,90.64099999999999
19,0 days 01:15:12.652000,PIA,81,0 days 00:02:07.642000,20.0,6.0,,0 days 01:15:09.694000,28.645,37.537,61.46,0 days 01:13:33.655000,0 days 01:14:11.192000,0 days 01:15:12.652000,207.0,194.0,,197.0,False,SOFT,3.0,True,McLaren,0 days 01:13:05.010000,2025-03-22 08:00:10.517,1,,False,,False,False,127.642,127.642
20,0 days 00:18:08.811000,RUS,63,,1.0,1.0,0 days 00:16:14.625000,,,37.874,48.142,,0 days 00:17:20.844000,0 days 00:18:08.823000,244.0,253.0,271.0,301.0,False,SOFT,4.0,False,Mercedes,0 days 00:16:14.625000,2025-03-22 07:03:20.132,12,,False,,False,False,,
21,0 days 00:19:40.893000,RUS,63,0 days 00:01:32.082000,2.0,1.0,,,24.429,27.411,40.242,0 days 00:18:33.240000,0 days 00:19:00.651000,0 days 00:19:40.893000,283.0,277.0,270.0,332.0,True,SOFT,5.0,False,Mercedes,0 days 00:18:08.811000,2025-03-22 07:05:14.318,1,,False,,False,True,92.082,92.082
22,0 days 00:21:30.969000,RUS,63,0 days 00:01:50.076000,3.0,1.0,,0 days 00:21:29.238000,28.44,31.59,50.046,0 days 00:20:09.333000,0 days 00:20:40.923000,0 days 00:21:30.969000,254.0,250.0,,307.0,False,SOFT,6.0,False,Mercedes,0 days 00:19:40.893000,2025-03-22 07:06:46.400,1,,False,,False,False,110.076,110.076
23,0 days 00:24:05.252000,RUS,63,,4.0,2.0,0 days 00:22:06.282000,,68.584,31.215,54.504,0 days 00:22:39.645000,0 days 00:23:10.876000,0 days 00:24:05.455000,265.0,261.0,271.0,314.0,False,SOFT,1.0,True,Mercedes,0 days 00:21:30.969000,2025-03-22 07:08:36.476,1,,False,,False,False,,154.303
24,0 days 00:25:37.274000,RUS,63,0 days 00:01:32.022000,5.0,2.0,,,24.33,27.553,40.139,0 days 00:24:29.582000,0 days 00:24:57.135000,0 days 00:25:37.274000,285.0,279.0,271.0,333.0,True,SOFT,2.0,True,Mercedes,0 days 00:24:05.252000,2025-03-22 07:11:10.759,1,,False,,False,True,92.022,92.02199999999999
25,0 days 00:27:53.287000,RUS,63,0 days 00:02:16.013000,6.0,2.0,,,41.863,39.056,55.094,0 days 00:26:19.137000,0 days 00:26:58.193000,0 days 00:27:53.287000,247.0,237.0,97.0,259.0,False,SOFT,3.0,True,Mercedes,0 days 00:25:37.274000,2025-03-22 07:12:42.781,1,,False,,False,True,136.013,136.013
26,0 days 00:30:11.601000,RUS,63,0 days 00:02:18.314000,7.0,2.0,,,39.604,39.708,59.002,0 days 00:28:32.891000,0 days 00:29:12.599000,0 days 00:30:11.601000,249.0,247.0,274.0,281.0,False,SOFT,4.0,True,Mercedes,0 days 00:27:53.287000,2025-03-22 07:14:58.794,1,,False,,False,True,138.314,138.314
27,0 days 00:31:42.896000,RUS,63,0 days 00:01:31.295000,8.0,2.0,,,24.187,27.368,39.74,0 days 00:30:35.788000,0 days 00:31:03.156000,0 days 00:31:42.896000,285.0,279.0,271.0,332.0,True,SOFT,5.0,True,Mercedes,0 days 00:30:11.601000,2025-03-22 07:17:17.108,1,,False,,False,True,91.295,91.295
28,0 days 00:33:47.771000,RUS,63,0 days 00:02:04.875000,9.0,2.0,,0 days 00:33:45.976000,33.875,36.552,54.448,0 days 00:32:16.771000,0 days 00:32:53.323000,0 days 00:33:47.771000,249.0,245.0,,309.0,False,SOFT,6.0,True,Mercedes,0 days 00:31:42.896000,2025-03-22 07:18:48.403,12,,False,,False,False,124.875,124.875
29,0 days 00:41:26.885000,RUS,63,,10.0,3.0,0 days 00:39:21.066000,,,34.884,54.722,,0 days 00:40:32.198000,0 days 00:41:26.961000,266.0,259.0,272.0,92.0,False,SOFT,4.0,False,Mercedes,0 days 00:33:47.771000,2025-03-22 07:20:53.278,21,,False,,False,False,,
30,0 days 00:42:58.192000,RUS,63,0 days 00:01:31.307000,11.0,3.0,,,24.264,27.412,39.631,0 days 00:41:51.149000,0 days 00:42:18.561000,0 days 00:42:58.192000,286.0,280.0,274.0,338.0,True,SOFT,5.0,False,Mercedes,0 days 00:41:26.885000,2025-03-22 07:28:32.392,1,,False,,False,True,91.307,91.307
31,0 days 00:44:57.752000,RUS,63,0 days 00:01:59.560000,12.0,3.0,,0 days 00:44:55.458000,31.657,37.699,50.204,0 days 00:43:29.849000,0 days 00:44:07.548000,0 days 00:44:57.752000,256.0,252.0,,317.0,False,SOFT,6.0,False,Mercedes,0 days 00:42:58.192000,2025-03-22 07:30:03.699,1,,False,,False,False,119.56,119.56
32,0 days 00:49:46.442000,RUS,63,,13.0,4.0,0 days 00:47:59.102000,,,29.627,52.621,,0 days 00:48:53.821000,0 days 00:49:46.718000,243.0,264.0,272.0,219.0,False,SOFT,1.0,True,Mercedes,0 days 00:44:57.752000,2025-03-22 07:32:03.259,1,,False,,False,False,,
33,0 days 00:51:17.776000,RUS,63,0 days 00:01:31.334000,14.0,4.0,,,24.215,27.322,39.797,0 days 00:50:10.657000,0 days 00:50:37.979000,0 days 00:51:17.776000,286.0,279.0,273.0,332.0,False,SOFT,2.0,True,Mercedes,0 days 00:49:46.442000,2025-03-22 07:36:51.949,1,,False,,False,True,91.334,91.334
34,0 days 00:53:23.738000,RUS,63,0 days 00:02:05.962000,15.0,4.0,,0 days 00:53:21.904000,32.995,35.097,57.87,0 days 00:51:50.771000,0 days 00:52:25.868000,0 days 00:53:23.738000,258.0,250.0,,141.0,False,SOFT,3.0,True,Mercedes,0 days 00:51:17.776000,2025-03-22 07:38:23.283,1,,False,,False,False,125.962,125.96199999999999
35,0 days 01:02:39.738000,RUS,63,,16.0,5.0,0 days 01:00:59.407000,,,29.662,43.531,,0 days 01:01:56.329000,0 days 01:02:39.830000,281.0,274.0,245.0,318.0,False,SOFT,1.0,True,Mercedes,0 days 00:53:23.738000,2025-03-22 07:40:29.245,12,,False,,False,False,,
36,0 days 01:04:43.159000,RUS,63,0 days 00:02:03.421000,17.0,5.0,,,31.345,39.296,52.78,0 days 01:03:11.083000,0 days 01:03:50.379000,0 days 01:04:43.159000,204.0,149.0,273.0,287.0,True,SOFT,2.0,True,Mercedes,0 days 01:02:39.738000,2025-03-22 07:49:45.245,1,,False,,False,True,123.421,123.42099999999999
37,0 days 01:06:14.143000,RUS,63,0 days 00:01:30.984000,18.0,5.0,,,24.207,27.269,39.508,0 days 01:05:07.366000,0 days 01:05:34.635000,0 days 01:06:14.143000,284.0,280.0,274.0,332.0,True,SOFT,3.0,True,Mercedes,0 days 01:04:43.159000,2025-03-22 07:51:48.666,1,,False,,False,True,90.984,90.98400000000001
38,0 days 01:07:58.921000,RUS,63,0 days 00:01:44.778000,19.0,5.0,,0 days 01:07:57.114000,27.346,30.066,47.366,0 days 01:06:41.489000,0 days 01:07:11.555000,0 days 01:07:58.921000,258.0,254.0,,314.0,False,SOFT,4.0,True,Mercedes,0 days 01:06:14.143000,2025-03-22 07:53:19.650,1,,False,,False,False,104.778,104.77799999999999
39,0 days 01:12:15.727000,RUS,63,,20.0,6.0,0 days 01:10:27.631000,,,32.555,47.295,,0 days 01:11:28.432000,0 days 01:12:15.964000,236.0,195.0,274.0,292.0,False,SOFT,1.0,True,Mercedes,0 days 01:07:58.921000,2025-03-22 07:55:04.428,1,,False,,False,False,,
40,0 days 01:13:46.450000,RUS,63,0 days 00:01:30.723000,21.0,6.0,,,24.068,27.221,39.434,0 days 01:12:39.795000,0 days 01:13:07.016000,0 days 01:13:46.450000,286.0,280.0,272.0,334.0,True,SOFT,2.0,True,Mercedes,0 days 01:12:15.727000,2025-03-22 07:59:21.234,1,,False,,False,True,90.723,90.723
41,0 days 01:15:59.807000,RUS,63,0 days 00:02:13.357000,22.0,6.0,,0 days 01:15:57.182000,34.964,35.951,62.442,0 days 01:14:21.414000,0 days 01:14:57.365000,0 days 01:15:59.807000,192.0,208.0,,219.0,False,SOFT,3.0,True,Mercedes,0 days 01:13:46.450000,2025-03-22 08:00:51.957,1,,False,,False,False,133.357,133.357
42,0 days 00:16:35.155000,NOR,4,,1.0,1.0,0 days 00:14:35.188000,,,34.177,51.871,,0 days 00:15:43.284000,0 days 00:16:35.202000,247.0,255.0,273.0,269.0,False,SOFT,5.0,False,McLaren,0 days 00:14:35.188000,2025-03-22 07:01:40.695,1,,False,,False,False,,
43,0 days 00:18:07.191000,NOR,4,0 days 00:01:32.036000,2.0,1.0,,,24.199,27.918,39.919,0 days 00:16:59.354000,0 days 00:17:27.272000,0 days 00:18:07.191000,282.0,275.0,270.0,332.0,False,SOFT,6.0,False,McLaren,0 days 00:16:35.155000,2025-03-22 07:03:40.662,12,,True,TRACK LIMITS AT TURN 9 LAP 3 ,False,True,92.036,92.036
44,0 days 00:20:00.806000,NOR,4,0 days 00:01:53.615000,3.0,1.0,,0 days 00:19:58.215000,29.745,29.755,54.115,0 days 00:18:36.936000,0 days 00:19:06.691000,0 days 00:20:00.806000,250.0,246.0,,200.0,False,SOFT,7.0,False,McLaren,0 days 00:18:07.191000,2025-03-22 07:05:12.698,1,,False,,False,False,113.615,113.61500000000001
45,0 days 00:24:22.311000,NOR,4,,4.0,2.0,0 days 00:22:27.595000,,,33.165,49.964,,0 days 00:23:32.455000,0 days 00:24:22.640000,257.0,252.0,274.0,258.0,False,SOFT,1.0,True,McLaren,0 days 00:20:00.806000,2025-03-22 07:07:06.313,1,,False,,False,False,,
46,0 days 00:25:54.244000,NOR,4,0 days 00:01:31.933000,5.0,2.0,,,24.012,27.779,40.142,0 days 00:24:46.323000,0 days 00:25:14.102000,0 days 00:25:54.244000,284.0,276.0,265.0,327.0,True,SOFT,2.0,True,McLaren,0 days 00:24:22.311000,2025-03-22 07:11:27.818,1,,False,,False,True,91.933,91.93299999999999
47,0 days 00:28:00.988000,NOR,4,0 days 00:02:06.744000,6.0,2.0,,,34.411,38.877,53.456,0 days 00:26:28.655000,0 days 00:27:07.532000,0 days 00:28:00.988000,195.0,162.0,99.0,244.0,False,SOFT,3.0,True,McLaren,0 days 00:25:54.244000,2025-03-22 07:12:59.751,1,,False,,False,True,126.744,126.74400000000001
48,0 days 00:30:24.647000,NOR,4,0 days 00:02:23.659000,7.0,2.0,,,42.497,36.582,64.58,0 days 00:28:43.485000,0 days 00:29:20.067000,0 days 00:30:24.647000,202.0,232.0,275.0,254.0,False,SOFT,4.0,True,McLaren,0 days 00:28:00.988000,2025-03-22 07:15:06.495,1,,False,,False,True,143.659,143.659
49,0 days 00:31:55.630000,NOR,4,0 days 00:01:30.983000,8.0,2.0,,,23.966,27.348,39.669,0 days 00:30:48.613000,0 days 00:31:15.961000,0 days 00:31:55.630000,283.0,277.0,274.0,326.0,True,SOFT,5.0,True,McLaren,0 days 00:30:24.647000,2025-03-22 07:17:30.154,1,,False,,False,True,90.983,90.983
50,0 days 00:34:00.526000,NOR,4,0 days 00:02:04.896000,9.0,2.0,,0 days 00:33:58.667000,28.174,35.702,61.02,0 days 00:32:23.804000,0 days 00:32:59.506000,0 days 00:34:00.526000,217.0,156.0,,170.0,False,SOFT,6.0,True,McLaren,0 days 00:31:55.630000,2025-03-22 07:19:01.137,12,,False,,False,False,124.896,124.896
51,0 days 00:42:27.421000,NOR,4,,10.0,3.0,0 days 00:40:31.901000,,,29.778,53.887,,0 days 00:41:33.633000,0 days 00:42:27.654000,263.0,260.0,273.0,299.0,False,SOFT,1.0,True,McLaren,0 days 00:34:00.526000,2025-03-22 07:21:06.033,21,,False,,False,False,,
52,0 days 00:43:58.208000,NOR,4,0 days 00:01:30.787000,11.0,3.0,,,23.954,27.257,39.576,0 days 00:42:51.375000,0 days 00:43:18.632000,0 days 00:43:58.208000,284.0,278.0,273.0,328.0,True,SOFT,2.0,True,McLaren,0 days 00:42:27.421000,2025-03-22 07:29:32.928,1,,False,,False,True,90.787,90.787
53,0 days 00:46:02.353000,NOR,4,0 days 00:02:04.145000,12.0,3.0,,0 days 00:46:00.609000,28.655,36.077,59.413,0 days 00:44:26.863000,0 days 00:45:02.940000,0 days 00:46:02.353000,216.0,163.0,,182.0,False,SOFT,3.0,True,McLaren,0 days 00:43:58.208000,2025-03-22 07:31:03.715,1,,False,,False,False,124.145,124.145
54,0 days 01:04:06.290000,NOR,4,,13.0,4.0,0 days 01:02:15.225000,,,31.612,52.161,,0 days 01:03:14.227000,0 days 01:04:06.320000,264.0,250.0,274.0,258.0,False,SOFT,1.0,True,McLaren,0 days 00:46:02.353000,2025-03-22 07:33:07.860,12,,False,,False,False,,
55,0 days 01:05:37.083000,NOR,4,0 days 00:01:30.793000,14.0,4.0,,,24.03,27.328,39.435,0 days 01:04:30.320000,0 days 01:04:57.648000,0 days 01:05:37.083000,283.0,278.0,272.0,327.0,True,SOFT,2.0,True,McLaren,0 days 01:04:06.290000,2025-03-22 07:51:11.797,1,,False,,False,True,90.793,90.793
56,0 days 01:07:27.206000,NOR,4,0 days 00:01:50.123000,15.0,4.0,,0 days 01:07:25.353000,26.919,30.889,52.315,0 days 01:06:04.002000,0 days 01:06:34.891000,0 days 01:07:27.206000,235.0,232.0,,223.0,False,SOFT,3.0,True,McLaren,0 days 01:05:37.083000,2025-03-22 07:52:42.590,1,,False,,False,False,110.123,110.12299999999999
57,0 days 01:11:17.723000,NOR,4,,16.0,5.0,0 days 01:09:28.072000,,,30.438,50.139,,0 days 01:10:27.584000,0 days 01:11:17.808000,265.0,256.0,276.0,306.0,False,SOFT,1.0,True,McLaren,0 days 01:07:27.206000,2025-03-22 07:54:32.713,1,,False,,False,False,,
58,0 days 01:12:58.086000,NOR,4,0 days 00:01:40.363000,17.0,5.0,,0 days 01:12:55.641000,23.96,27.416,48.987,0 days 01:11:41.683000,0 days 01:12:09.099000,0 days 01:12:58.086000,283.0,276.0,,328.0,False,SOFT,2.0,True,McLaren,0 days 01:11:17.723000,2025-03-22 07:58:23.230,1,,False,,False,False,100.363,100.363
59,0 days 00:19:37.292000,VER,1,,1.0,1.0,0 days 00:17:37.025000,,,38.143,51.111,,0 days 00:18:46.220000,0 days 00:19:37.300000,226.0,157.0,272.0,177.0,False,SOFT,3.0,False,Red Bull Racing,0 days 00:17:37.025000,2025-03-22 07:04:42.532,1,,False,,False,False,,
60,0 days 00:21:08.716000,VER,1,0 days 00:01:31.424000,2.0,1.0,,,24.256,27.505,39.663,0 days 00:20:01.548000,0 days 00:20:29.053000,0 days 00:21:08.716000,284.0,277.0,269.0,335.0,True,SOFT,4.0,False,Red Bull Racing,0 days 00:19:37.292000,2025-03-22 07:06:42.799,1,,False,,False,True,91.424,91.42399999999999
61,0 days 00:23:02.920000,VER,1,0 days 00:01:54.204000,3.0,1.0,,0 days 00:23:00.923000,28.079,35.365,50.76,0 days 00:21:36.795000,0 days 00:22:12.160000,0 days 00:23:02.920000,253.0,247.0,,241.0,False,SOFT,5.0,False,Red Bull Racing,0 days 00:21:08.716000,2025-03-22 07:08:14.223,1,,False,,False,False,114.204,114.20400000000001
62,0 days 00:43:08.962000,VER,1,,4.0,2.0,0 days 00:41:02.247000,,,36.785,57.674,,0 days 00:42:11.288000,0 days 00:43:09.054000,236.0,216.0,273.0,255.0,False,SOFT,1.0,True,Red Bull Racing,0 days 00:23:02.920000,2025-03-22 07:10:08.427,12,,False,,False,False,,
63,0 days 00:44:40.196000,VER,1,0 days 00:01:31.234000,5.0,2.0,,,24.033,27.446,39.755,0 days 00:43:32.995000,0 days 00:44:00.441000,0 days 00:44:40.196000,285.0,278.0,268.0,332.0,True,SOFT,2.0,True,Red Bull Racing,0 days 00:43:08.962000,2025-03-22 07:30:14.469,1,,False,,False,True,91.234,91.23400000000001
64,0 days 00:46:27.391000,VER,1,0 days 00:01:47.195000,6.0,2.0,,0 days 00:46:25.640000,28.148,30.001,49.046,0 days 00:45:08.344000,0 days 00:45:38.345000,0 days 00:46:27.391000,256.0,248.0,,283.0,False,SOFT,3.0,True,Red Bull Racing,0 days 00:44:40.196000,2025-03-22 07:31:45.703,1,,False,,False,False,107.195,107.195
65,0 days 00:50:07.253000,VER,1,,7.0,3.0,0 days 00:48:11.578000,,,39.642,47.757,,0 days 00:49:19.510000,0 days 00:50:07.474000,271.0,237.0,273.0,266.0,False,SOFT,1.0,True,Red Bull Racing,0 days 00:46:27.391000,2025-03-22 07:33:32.898,1,,False,,False,False,,
66,0 days 00:51:38.395000,VER,1,0 days 00:01:31.142000,8.0,3.0,,,24.168,27.318,39.656,0 days 00:50:31.421000,0 days 00:50:58.739000,0 days 00:51:38.395000,285.0,278.0,274.0,339.0,True,SOFT,2.0,True,Red Bull Racing,0 days 00:50:07.253000,2025-03-22 07:37:12.760,1,,False,,False,True,91.142,91.142
67,0 days 00:53:33.092000,VER,1,0 days 00:01:54.697000,9.0,3.0,,0 days 00:53:31.373000,27.903,36.315,50.479,0 days 00:52:06.298000,0 days 00:52:42.613000,0 days 00:53:33.092000,244.0,248.0,,264.0,False,SOFT,3.0,True,Red Bull Racing,0 days 00:51:38.395000,2025-03-22 07:38:43.902,1,,False,,False,False,114.697,114.69699999999999
68,0 days 01:02:52.901000,VER,1,,10.0,4.0,0 days 01:00:58.064000,,,36.58,46.237,,0 days 01:02:06.772000,0 days 01:02:53.071000,215.0,183.0,273.0,284.0,False,SOFT,1.0,True,Red Bull Racing,0 days 00:53:33.092000,2025-03-22 07:40:38.599,12,,False,,False,False,,
69,0 days 01:04:23.826000,VER,1,0 days 00:01:30.925000,11.0,4.0,,,24.164,27.238,39.523,0 days 01:03:17.065000,0 days 01:03:44.303000,0 days 01:04:23.826000,286.0,279.0,268.0,332.0,True,SOFT,2.0,True,Red Bull Racing,0 days 01:02:52.901000,2025-03-22 07:49:58.408,1,,False,,False,True,90.925,90.92500000000001
70,0 days 01:06:10.355000,VER,1,0 days 00:01:46.529000,12.0,4.0,,0 days 01:06:08.565000,28.326,29.569,48.634,0 days 01:04:52.152000,0 days 01:05:21.721000,0 days 01:06:10.355000,252.0,249.0,,281.0,False,SOFT,3.0,True,Red Bull Racing,0 days 01:04:23.826000,2025-03-22 07:51:29.333,1,,False,,False,False,106.529,106.529
71,0 days 01:11:00.683000,VER,1,,13.0,5.0,0 days 01:09:17.431000,,,30.509,44.938,,0 days 01:10:15.802000,0 days 01:11:00.914000,261.0,271.0,274.0,306.0,False,SOFT,1.0,True,Red Bull Racing,0 days 01:06:10.355000,2025-03-22 07:53:15.862,1,,False,,False,False,,
72,0 days 01:12:31.500000,VER,1,0 days 00:01:30.817000,14.0,5.0,,,23.945,27.313,39.559,0 days 01:11:24.628000,0 days 01:11:51.941000,0 days 01:12:31.500000,286.0,278.0,272.0,334.0,True,SOFT,2.0,True,Red Bull Racing,0 days 01:11:00.683000,2025-03-22 07:58:06.190,1,,False,,False,True,90.817,90.817
73,0 days 01:14:39.540000,VER,1,0 days 00:02:08.040000,15.0,5.0,,0 days 01:14:34.978000,31.981,34.524,61.535,0 days 01:13:03.481000,0 days 01:13:38.005000,0 days 01:14:39.540000,206.0,206.0,,242.0,False,SOFT,3.0,True,Red Bull Racing,0 days 01:12:31.500000,2025-03-22 07:59:37.007,1,,False,,False,False,128.04,128.04
74,0 days 00:16:56.914000,HAM,44,,1.0,1.0,0 days 00:14:55.626000,,,36.809,52.34,,0 days 00:16:04.579000,0 days 00:16:56.969000,253.0,251.0,270.0,301.0,False,SOFT,4.0,False,Ferrari,0 days 00:14:55.626000,2025-03-22 07:02:01.133,1,,False,,False,False,,
75,0 days 00:18:28.604000,HAM,44,0 days 00:01:31.690000,2.0,1.0,,,24.186,27.43,40.074,0 days 00:17:21.100000,0 days 00:17:48.530000,0 days 00:18:28.604000,285.0,278.0,264.0,332.0,True,SOFT,5.0,False,Ferrari,0 days 00:16:56.914000,2025-03-22 07:04:02.421,12,,False,,False,True,91.69,91.69
76,0 days 00:20:16.070000,HAM,44,0 days 00:01:47.466000,3.0,1.0,,0 days 00:20:14.345000,27.691,30.784,48.991,0 days 00:18:56.295000,0 days 00:19:27.079000,0 days 00:20:16.070000,250.0,252.0,,297.0,False,SOFT,6.0,False,Ferrari,0 days 00:18:28.604000,2025-03-22 07:05:34.111,1,,False,,False,False,107.466,107.466
77,0 days 00:23:47.738000,HAM,44,,4.0,2.0,0 days 00:21:49.195000,,,36.825,50.787,,0 days 00:22:57.032000,0 days 00:23:47.955000,240.0,251.0,271.0,285.0,False,SOFT,1.0,True,Ferrari,0 days 00:20:16.070000,2025-03-22 07:07:21.577,1,,False,,False,False,,
78,0 days 00:25:24.444000,HAM,44,0 days 00:01:36.706000,5.0,2.0,,,24.959,27.656,44.091,0 days 00:24:12.697000,0 days 00:24:40.353000,0 days 00:25:24.444000,286.0,280.0,134.0,330.0,False,SOFT,2.0,True,Ferrari,0 days 00:23:47.738000,2025-03-22 07:10:53.245,1,,False,,False,True,96.706,96.70599999999999
79,0 days 00:27:35.012000,HAM,44,0 days 00:02:10.568000,6.0,2.0,,,40.838,38.937,50.793,0 days 00:26:05.282000,0 days 00:26:44.219000,0 days 00:27:35.012000,192.0,226.0,151.0,289.0,False,SOFT,3.0,True,Ferrari,0 days 00:25:24.444000,2025-03-22 07:12:29.951,1,,False,,False,True,130.568,130.568
80,0 days 00:29:44.188000,HAM,44,0 days 00:02:09.176000,7.0,2.0,,,39.595,37.696,51.885,0 days 00:28:14.607000,0 days 00:28:52.303000,0 days 00:29:44.188000,222.0,248.0,268.0,224.0,False,SOFT,4.0,True,Ferrari,0 days 00:27:35.012000,2025-03-22 07:14:40.519,1,,False,,False,True,129.176,129.176
81,0 days 00:31:15.926000,HAM,44,0 days 00:01:31.738000,8.0,2.0,,,24.313,27.435,39.99,0 days 00:30:08.501000,0 days 00:30:35.936000,0 days 00:31:15.926000,287.0,280.0,270.0,331.0,False,SOFT,5.0,True,Ferrari,0 days 00:29:44.188000,2025-03-22 07:16:49.695,1,,False,,False,True,91.738,91.738
82,0 days 00:33:11.476000,HAM,44,0 days 00:01:55.550000,9.0,2.0,,0 days 00:33:09.640000,29.293,32.086,54.171,0 days 00:31:45.219000,0 days 00:32:17.305000,0 days 00:33:11.476000,238.0,233.0,,274.0,False,SOFT,6.0,True,Ferrari,0 days 00:31:15.926000,2025-03-22 07:18:21.433,1,,False,,False,False,115.55,115.55
83,0 days 00:42:36.573000,HAM,44,,10.0,3.0,0 days 00:40:42.120000,,,35.074,47.547,,0 days 00:41:49.055000,0 days 00:42:36.573000,251.0,251.0,270.0,302.0,False,SOFT,7.0,False,Ferrari,0 days 00:33:11.476000,2025-03-22 07:20:16.983,12,,False,,False,False,,
84,0 days 00:44:08.190000,HAM,44,0 days 00:01:31.617000,11.0,3.0,,,24.383,27.361,39.873,0 days 00:43:00.956000,0 days 00:43:28.317000,0 days 00:44:08.190000,287.0,281.0,270.0,329.0,True,SOFT,8.0,False,Ferrari,0 days 00:42:36.573000,2025-03-22 07:29:42.080,1,,False,,False,True,91.617,91.61699999999999
85,0 days 00:45:58.771000,HAM,44,0 days 00:01:50.581000,12.0,3.0,,0 days 00:45:55.658000,26.986,31.057,52.538,0 days 00:44:35.176000,0 days 00:45:06.233000,0 days 00:45:58.771000,256.0,241.0,,305.0,False,SOFT,9.0,False,Ferrari,0 days 00:44:08.190000,2025-03-22 07:31:13.697,1,,False,,False,False,110.581,110.58099999999999
86,0 days 00:50:32.434000,HAM,44,,13.0,4.0,0 days 00:48:31.954000,,,35.836,48.348,,0 days 00:49:44.093000,0 days 00:50:32.542000,227.0,249.0,271.0,272.0,False,SOFT,1.0,True,Ferrari,0 days 00:45:58.771000,2025-03-22 07:33:04.278,1,,False,,False,False,,
87,0 days 00:52:03.935000,HAM,44,0 days 00:01:31.501000,14.0,4.0,,,24.304,27.252,39.945,0 days 00:50:56.738000,0 days 00:51:23.990000,0 days 00:52:03.935000,287.0,280.0,269.0,332.0,True,SOFT,2.0,True,Ferrari,0 days 00:50:32.434000,2025-03-22 07:37:37.941,1,,False,,False,True,91.501,91.501
88,0 days 00:54:13.086000,HAM,44,0 days 00:02:09.151000,15.0,4.0,,0 days 00:54:11.187000,32.13,37.042,59.979,0 days 00:52:36.065000,0 days 00:53:13.107000,0 days 00:54:13.086000,184.0,189.0,,191.0,False,SOFT,3.0,True,Ferrari,0 days 00:52:03.935000,2025-03-22 07:39:09.442,1,,False,,False,False,129.151,129.151
89,0 days 01:03:47.638000,HAM,44,,16.0,5.0,0 days 01:01:50.611000,,,37.286,49.275,,0 days 01:02:58.363000,0 days 01:03:47.688000,248.0,249.0,270.0,286.0,False,SOFT,1.0,True,Ferrari,0 days 00:54:13.086000,2025-03-22 07:41:18.593,12,,False,,False,False,,
90,0 days 01:05:18.565000,HAM,44,0 days 00:01:30.927000,17.0,5.0,,,24.148,27.175,39.604,0 days 01:04:11.786000,0 days 01:04:38.961000,0 days 01:05:18.565000,287.0,281.0,270.0,330.0,True,SOFT,2.0,True,Ferrari,0 days 01:03:47.638000,2025-03-22 07:50:53.145,1,,False,,False,True,90.927,90.92699999999999
91,0 days 01:07:20.357000,HAM,44,0 days 00:02:01.792000,18.0,5.0,,0 days 01:07:18.618000,28.119,36.471,57.202,0 days 01:05:46.684000,0 days 01:06:23.155000,0 days 01:07:20.357000,253.0,203.0,,241.0,False,SOFT,3.0,True,Ferrari,0 days 01:05:18.565000,2025-03-22 07:52:24.072,1,,False,,False,False,121.792,121.792
92,0 days 01:11:25.191000,HAM,44,,19.0,6.0,0 days 01:09:35.150000,,,33.215,48.785,,0 days 01:10:36.474000,0 days 01:11:25.401000,264.0,245.0,273.0,294.0,False,SOFT,1.0,True,Ferrari,0 days 01:07:20.357000,2025-03-22 07:54:25.864,1,,False,,False,False,,
93,0 days 01:12:56.332000,HAM,44,0 days 00:01:31.141000,20.0,6.0,,,24.07,27.313,39.758,0 days 01:11:49.261000,0 days 01:12:16.574000,0 days 01:12:56.332000,287.0,279.0,271.0,333.0,False,SOFT,2.0,True,Ferrari,0 days 01:11:25.191000,2025-03-22 07:58:30.698,1,,False,,False,True,91.141,91.14099999999999
94,0 days 01:15:04.647000,HAM,44,,21.0,6.0,,0 days 01:15:04.647000,32.464,35.422,,0 days 01:13:28.744000,0 days 01:14:04.354000,,187.0,189.0,,189.0,False,SOFT,3.0,True,Ferrari,0 days 01:12:56.332000,2025-03-22 08:00:01.839,1,,False,,False,False,,
95,0 days 00:16:50.603000,LEC,16,,1.0,1.0,0 days 00:14:41.657000,,,41.289,48.804,,0 days 00:16:01.861000,0 days 00:16:50.603000,249.0,249.0,269.0,305.0,False,SOFT,4.0,False,Ferrari,0 days 00:14:41.657000,2025-03-22 07:01:47.164,1,,False,,False,False,,
96,0 days 00:18:23.443000,LEC,16,0 days 00:01:32.840000,2.0,1.0,,,24.389,27.598,40.853,0 days 00:17:14.992000,0 days 00:17:42.590000,0 days 00:18:23.443000,285.0,276.0,271.0,335.0,True,SOFT,5.0,False,Ferrari,0 days 00:16:50.603000,2025-03-22 07:03:56.110,12,,False,,False,True,92.84,92.84
97,0 days 00:20:09.048000,LEC,16,0 days 00:01:45.605000,3.0,1.0,,0 days 00:20:07.486000,26.284,30.356,48.965,0 days 00:18:49.727000,0 days 00:19:20.083000,0 days 00:20:09.048000,259.0,255.0,,306.0,False,SOFT,6.0,False,Ferrari,0 days 00:18:23.443000,2025-03-22 07:05:28.950,1,,False,,False,False,105.605,105.605
98,0 days 00:23:59.544000,LEC,16,,4.0,2.0,0 days 00:21:56.857000,,,36.632,50.947,,0 days 00:23:08.626000,0 days 00:23:59.808000,264.0,253.0,272.0,307.0,False,SOFT,1.0,True,Ferrari,0 days 00:20:09.048000,2025-03-22 07:07:14.555,1,,False,,False,False,,
99,0 days 00:25:31.602000,LEC,16,0 days 00:01:32.058000,5.0,2.0,,,24.434,27.786,39.838,0 days 00:24:23.978000,0 days 00:24:51.764000,0 days 00:25:31.602000,286.0,280.0,273.0,332.0,True,SOFT,2.0,True,Ferrari,0 days 00:23:59.544000,2025-03-22 07:11:05.051,1,,False,,False,True,92.058,92.05799999999999
100,0 days 00:27:44.519000,LEC,16,0 days 00:02:12.917000,6.0,2.0,,,42.783,36.147,53.987,0 days 00:26:14.385000,0 days 00:26:50.532000,0 days 00:27:44.519000,212.0,197.0,109.0,249.0,False,SOFT,3.0,True,Ferrari,0 days 00:25:31.602000,2025-03-22 07:12:37.109,1,,False,,False,True,132.917,132.917
101,0 days 00:29:53.897000,LEC,16,0 days 00:02:09.378000,7.0,2.0,,,34.736,37.988,56.654,0 days 00:28:19.255000,0 days 00:28:57.243000,0 days 00:29:53.897000,253.0,140.0,271.0,231.0,False,SOFT,4.0,True,Ferrari,0 days 00:27:44.519000,2025-03-22 07:14:50.026,1,,False,,False,True,129.378,129.378
102,0 days 00:31:25.476000,LEC,16,0 days 00:01:31.579000,8.0,2.0,,,24.339,27.514,39.726,0 days 00:30:18.236000,0 days 00:30:45.750000,0 days 00:31:25.476000,286.0,280.0,274.0,332.0,True,SOFT,5.0,True,Ferrari,0 days 00:29:53.897000,2025-03-22 07:16:59.404,1,,False,,False,True,91.579,91.579
103,0 days 00:33:30.188000,LEC,16,0 days 00:02:04.712000,9.0,2.0,,0 days 00:33:28.476000,31.101,35.746,57.865,0 days 00:31:56.577000,0 days 00:32:32.323000,0 days 00:33:30.188000,210.0,201.0,,270.0,False,SOFT,6.0,True,Ferrari,0 days 00:31:25.476000,2025-03-22 07:18:30.983,1,,False,,False,False,124.712,124.71200000000002
104,0 days 00:42:54.792000,LEC,16,,10.0,3.0,0 days 00:40:50.660000,,,38.872,49.583,,0 days 00:42:05.351000,0 days 00:42:54.792000,218.0,182.0,273.0,301.0,False,SOFT,7.0,False,Ferrari,0 days 00:33:30.188000,2025-03-22 07:20:35.695,12,,False,,False,False,,
105,0 days 00:44:26.431000,LEC,16,0 days 00:01:31.639000,11.0,3.0,,,24.251,27.663,39.725,0 days 00:43:19.043000,0 days 00:43:46.706000,0 days 00:44:26.431000,287.0,281.0,274.0,330.0,True,SOFT,8.0,False,Ferrari,0 days 00:42:54.792000,2025-03-22 07:30:00.299,1,,False,,False,True,91.639,91.63900000000001
106,0 days 00:46:13.139000,LEC,16,0 days 00:01:46.708000,12.0,3.0,,0 days 00:46:11.374000,26.191,30.894,49.623,0 days 00:44:52.622000,0 days 00:45:23.516000,0 days 00:46:13.139000,262.0,256.0,,305.0,False,SOFT,9.0,False,Ferrari,0 days 00:44:26.431000,2025-03-22 07:31:31.938,1,,False,,False,False,106.708,106.708
107,0 days 00:50:48.542000,LEC,16,,13.0,4.0,0 days 00:48:42.610000,,,36.992,52.504,,0 days 00:49:56.141000,0 days 00:50:48.747000,257.0,246.0,272.0,304.0,False,SOFT,1.0,True,Ferrari,0 days 00:46:13.139000,2025-03-22 07:33:18.646,1,,False,,False,False,,
108,0 days 00:52:19.992000,LEC,16,0 days 00:01:31.450000,14.0,4.0,,,24.205,27.415,39.83,0 days 00:51:12.747000,0 days 00:51:40.162000,0 days 00:52:19.992000,288.0,281.0,269.0,332.0,True,SOFT,2.0,True,Ferrari,0 days 00:50:48.542000,2025-03-22 07:37:54.049,1,,False,,False,True,91.45,91.44999999999999
109,0 days 00:54:21.892000,LEC,16,0 days 00:02:01.900000,15.0,4.0,,0 days 00:54:20.072000,30.346,36.496,55.058,0 days 00:52:50.338000,0 days 00:53:26.834000,0 days 00:54:21.892000,167.0,185.0,,252.0,False,SOFT,3.0,True,Ferrari,0 days 00:52:19.992000,2025-03-22 07:39:25.499,1,,False,,False,False,121.9,121.9
110,0 days 01:03:58.949000,LEC,16,,16.0,5.0,0 days 01:01:57.560000,,,34.607,46.915,,0 days 01:03:12.207000,0 days 01:03:59.002000,247.0,255.0,272.0,303.0,False,SOFT,1.0,True,Ferrari,0 days 00:54:21.892000,2025-03-22 07:41:27.399,12,,False,,False,False,,
111,0 days 01:05:29.989000,LEC,16,0 days 00:01:31.040000,17.0,5.0,,,24.128,27.32,39.592,0 days 01:04:23.077000,0 days 01:04:50.397000,0 days 01:05:29.989000,287.0,281.0,272.0,331.0,True,SOFT,2.0,True,Ferrari,0 days 01:03:58.949000,2025-03-22 07:51:04.456,1,,False,,False,True,91.04,91.03999999999999
112,0 days 01:07:25.024000,LEC,16,0 days 00:01:55.035000,18.0,5.0,,0 days 01:07:23.243000,29.351,32.266,53.418,0 days 01:05:59.340000,0 days 01:06:31.606000,0 days 01:07:25.024000,255.0,256.0,,231.0,False,SOFT,3.0,True,Ferrari,0 days 01:05:29.989000,2025-03-22 07:52:35.496,1,,False,,False,False,115.035,115.035
113,0 days 01:12:02.223000,LEC,16,,19.0,6.0,0 days 01:10:00.022000,,,37.987,47.044,,0 days 01:11:15.328000,0 days 01:12:02.448000,219.0,198.0,272.0,303.0,False,SOFT,1.0,True,Ferrari,0 days 01:07:25.024000,2025-03-22 07:54:30.531,1,,False,,False,False,,
114,0 days 01:13:33.244000,LEC,16,0 days 00:01:31.021000,20.0,6.0,,,24.094,27.355,39.572,0 days 01:12:26.317000,0 days 01:12:53.672000,0 days 01:13:33.244000,286.0,281.0,272.0,332.0,True,SOFT,2.0,True,Ferrari,0 days 01:12:02.223000,2025-03-22 07:59:07.730,1,,False,,False,True,91.021,91.021
115,0 days 01:15:42.410000,LEC,16,,21.0,6.0,,0 days 01:15:42.410000,32.806,35.756,,0 days 01:14:06.150000,0 days 01:14:41.900000,,156.0,189.0,,189.0,False,SOFT,3.0,True,Ferrari,0 days 01:13:33.244000,2025-03-22 08:00:38.751,1,,False,,False,False,,
116,0 days 00:15:38.909000,HAD,6,,1.0,1.0,0 days 00:13:46.386000,,,33.333,46.051,,0 days 00:14:52.954000,0 days 00:15:38.909000,235.0,249.0,269.0,302.0,False,SOFT,7.0,False,Racing Bulls,0 days 00:13:46.386000,2025-03-22 07:00:51.893,1,,False,,False,False,,
117,0 days 00:17:18.986000,HAD,6,0 days 00:01:40.077000,2.0,1.0,,0 days 00:17:17.391000,24.7,27.689,47.688,0 days 00:16:03.609000,0 days 00:16:31.298000,0 days 00:17:18.986000,281.0,275.0,,332.0,False,SOFT,8.0,False,Racing Bulls,0 days 00:15:38.909000,2025-03-22 07:02:44.416,12,,False,,False,False,100.077,100.077
118,0 days 00:20:43.739000,HAD,6,,3.0,2.0,0 days 00:18:51.181000,,,34.671,48.569,,0 days 00:19:55.170000,0 days 00:20:43.923000,227.0,216.0,271.0,267.0,False,SOFT,1.0,True,Racing Bulls,0 days 00:17:18.986000,2025-03-22 07:04:24.493,1,,False,,False,False,,
119,0 days 00:22:15.563000,HAD,6,0 days 00:01:31.824000,4.0,2.0,,,24.497,27.383,39.944,0 days 00:21:08.236000,0 days 00:21:35.619000,0 days 00:22:15.563000,284.0,277.0,269.0,330.0,True,SOFT,2.0,True,Racing Bulls,0 days 00:20:43.739000,2025-03-22 07:07:49.246,1,,False,,False,True,91.824,91.824
120,0 days 00:24:11.350000,HAD,6,0 days 00:01:55.787000,5.0,2.0,,0 days 00:24:09.585000,29.77,33.489,52.528,0 days 00:22:45.333000,0 days 00:23:18.822000,0 days 00:24:11.350000,235.0,243.0,,285.0,False,SOFT,3.0,True,Racing Bulls,0 days 00:22:15.563000,2025-03-22 07:09:21.070,1,,False,,False,False,115.787,115.787
121,0 days 00:30:18.226000,HAD,6,,6.0,3.0,0 days 00:28:09.663000,,,35.577,62.719,,0 days 00:29:15.664000,0 days 00:30:18.580000,230.0,236.0,272.0,285.0,False,SOFT,1.0,True,Racing Bulls,0 days 00:24:11.350000,2025-03-22 07:11:16.857,1,,False,,False,False,,
122,0 days 00:31:49.388000,HAD,6,0 days 00:01:31.162000,7.0,3.0,,,24.234,27.268,39.66,0 days 00:30:42.460000,0 days 00:31:09.728000,0 days 00:31:49.388000,284.0,278.0,270.0,330.0,True,SOFT,2.0,True,Racing Bulls,0 days 00:30:18.226000,2025-03-22 07:17:23.733,1,,False,,False,True,91.162,91.162
123,0 days 00:33:56.484000,HAD,6,0 days 00:02:07.096000,8.0,3.0,,0 days 00:33:54.745000,30.428,37.391,59.277,0 days 00:32:19.816000,0 days 00:32:57.207000,0 days 00:33:56.484000,226.0,222.0,,234.0,False,SOFT,3.0,True,Racing Bulls,0 days 00:31:49.388000,2025-03-22 07:18:54.895,12,,False,,False,False,127.096,127.096
124,0 days 00:41:44.993000,HAD,6,,9.0,4.0,0 days 00:39:48.465000,,,35.779,49.1,,0 days 00:40:55.915000,0 days 00:41:45.024000,224.0,227.0,271.0,267.0,False,SOFT,1.0,True,Racing Bulls,0 days 00:33:56.484000,2025-03-22 07:21:01.991,21,,False,,False,False,,
125,0 days 00:43:16.825000,HAD,6,0 days 00:01:31.832000,10.0,4.0,,,24.286,27.754,39.792,0 days 00:42:09.279000,0 days 00:42:37.033000,0 days 00:43:16.825000,284.0,275.0,271.0,329.0,True,SOFT,2.0,True,Racing Bulls,0 days 00:41:44.993000,2025-03-22 07:28:50.500,1,,False,,False,True,91.832,91.83200000000001
126,0 days 00:45:15.909000,HAD,6,0 days 00:01:59.084000,11.0,4.0,,0 days 00:45:12.748000,29.989,34.342,54.753,0 days 00:43:46.814000,0 days 00:44:21.156000,0 days 00:45:15.909000,242.0,240.0,,278.0,False,SOFT,3.0,True,Racing Bulls,0 days 00:43:16.825000,2025-03-22 07:30:22.332,1,,False,,False,False,119.084,119.084
127,0 days 00:51:07.799000,HAD,6,,12.0,5.0,0 days 00:49:09.680000,,,35.683,49.878,,0 days 00:50:18.112000,0 days 00:51:08.051000,213.0,224.0,270.0,263.0,False,SOFT,1.0,True,Racing Bulls,0 days 00:45:15.909000,2025-03-22 07:32:21.416,1,,False,,False,False,,
128,0 days 00:52:39.052000,HAD,6,0 days 00:01:31.253000,13.0,5.0,,,24.127,27.254,39.872,0 days 00:51:31.926000,0 days 00:51:59.180000,0 days 00:52:39.052000,285.0,278.0,271.0,330.0,True,SOFT,2.0,True,Racing Bulls,0 days 00:51:07.799000,2025-03-22 07:38:13.306,1,,False,,False,True,91.253,91.253
129,0 days 00:54:42.624000,HAD,6,0 days 00:02:03.572000,14.0,5.0,,0 days 00:54:40.919000,31.102,34.506,57.964,0 days 00:53:10.154000,0 days 00:53:44.660000,0 days 00:54:42.624000,236.0,236.0,,232.0,False,SOFT,3.0,True,Racing Bulls,0 days 00:52:39.052000,2025-03-22 07:39:44.559,1,,False,,False,False,123.572,123.572
130,0 days 01:03:08.924000,HAD,6,,15.0,6.0,0 days 01:01:15.361000,,,33.422,48.581,,0 days 01:02:20.343000,0 days 01:03:09.034000,217.0,231.0,271.0,273.0,False,SOFT,4.0,False,Racing Bulls,0 days 00:54:42.624000,2025-03-22 07:41:48.131,12,,False,,False,False,,
131,0 days 01:04:40.372000,HAD,6,0 days 00:01:31.448000,16.0,6.0,,,24.287,27.315,39.846,0 days 01:03:33.211000,0 days 01:04:00.526000,0 days 01:04:40.372000,285.0,278.0,269.0,329.0,True,SOFT,5.0,False,Racing Bulls,0 days 01:03:08.924000,2025-03-22 07:50:14.431,1,,False,,False,True,91.448,91.44800000000001
132,0 days 01:06:36.222000,HAD,6,0 days 00:01:55.850000,17.0,6.0,,0 days 01:06:34.549000,32.188,32.619,51.043,0 days 01:05:12.560000,0 days 01:05:45.179000,0 days 01:06:36.222000,253.0,248.0,,276.0,False,SOFT,6.0,False,Racing Bulls,0 days 01:04:40.372000,2025-03-22 07:51:45.879,1,,False,,False,False,115.85,115.85
133,0 days 01:11:07.543000,HAD,6,,18.0,7.0,0 days 01:09:07.572000,,,35.517,52.272,,0 days 01:10:15.271000,0 days 01:11:07.810000,217.0,234.0,273.0,255.0,False,SOFT,1.0,True,Racing Bulls,0 days 01:06:36.222000,2025-03-22 07:53:41.729,1,,False,,False,False,,
134,0 days 01:12:38.622000,HAD,6,0 days 00:01:31.079000,19.0,7.0,,,24.16,27.213,39.706,0 days 01:11:31.703000,0 days 01:11:58.916000,0 days 01:12:38.622000,284.0,277.0,270.0,331.0,True,SOFT,2.0,True,Racing Bulls,0 days 01:11:07.543000,2025-03-22 07:58:13.050,1,,False,,False,True,91.079,91.07900000000001
135,0 days 01:14:46.853000,HAD,6,,20.0,7.0,,0 days 01:14:46.853000,32.914,34.511,,0 days 01:13:11.607000,0 days 01:13:46.057000,,245.0,217.0,,208.0,False,SOFT,3.0,True,Racing Bulls,0 days 01:12:38.622000,2025-03-22 07:59:44.129,1,,False,,False,False,,
136,0 days 00:17:54.950000,ANT,12,,1.0,1.0,0 days 00:16:05.840000,,,33.73,44.705,,0 days 00:17:10.375000,0 days 00:17:54.950000,219.0,247.0,269.0,295.0,False,SOFT,4.0,False,Mercedes,0 days 00:16:05.840000,2025-03-22 07:03:11.347,12,,False,,False,False,,
137,0 days 00:19:27.200000,ANT,12,0 days 00:01:32.250000,2.0,1.0,,,24.419,27.715,40.116,0 days 00:18:19.369000,0 days 00:18:47.084000,0 days 00:19:27.200000,283.0,277.0,265.0,332.0,True,SOFT,5.0,False,Mercedes,0 days 00:17:54.950000,2025-03-22 07:05:00.457,1,,False,,False,True,92.25,92.25
138,0 days 00:21:27.118000,ANT,12,0 days 00:01:59.918000,3.0,1.0,,0 days 00:21:23.969000,29.457,37.158,53.303,0 days 00:19:56.657000,0 days 00:20:33.815000,0 days 00:21:27.118000,220.0,250.0,,304.0,False,SOFT,6.0,False,Mercedes,0 days 00:19:27.200000,2025-03-22 07:06:32.707,1,,False,,False,False,119.918,119.918
139,0 days 00:24:30.074000,ANT,12,,4.0,2.0,0 days 00:22:30.340000,,99.178,34.827,48.936,0 days 00:23:06.345000,0 days 00:23:41.205000,0 days 00:24:30.281000,260.0,209.0,271.0,297.0,False,SOFT,1.0,True,Mercedes,0 days 00:21:27.118000,2025-03-22 07:08:32.625,1,,False,,False,False,,182.941
140,0 days 00:26:01.750000,ANT,12,0 days 00:01:31.676000,5.0,2.0,,,24.179,27.69,39.807,0 days 00:24:54.253000,0 days 00:25:21.943000,0 days 00:26:01.750000,285.0,277.0,270.0,332.0,True,SOFT,2.0,True,Mercedes,0 days 00:24:30.074000,2025-03-22 07:11:35.581,1,,False,,False,True,91.676,91.676
141,0 days 00:28:08.977000,ANT,12,0 days 00:02:07.227000,6.0,2.0,,,32.469,39.008,55.75,0 days 00:26:34.219000,0 days 00:27:13.227000,0 days 00:28:08.977000,192.0,211.0,78.0,260.0,False,SOFT,3.0,True,Mercedes,0 days 00:26:01.750000,2025-03-22 07:13:07.257,1,,False,,False,True,127.227,127.227
142,0 days 00:30:41.303000,ANT,12,,7.0,2.0,,,44.296,38.921,69.129,0 days 00:28:53.329000,0 days 00:29:32.298000,0 days 00:30:41.617000,213.0,193.0,270.0,263.0,False,SOFT,4.0,True,Mercedes,0 days 00:28:08.977000,2025-03-22 07:15:14.484,1,,False,,False,False,,152.346
143,0 days 00:32:13.216000,ANT,12,0 days 00:01:31.913000,8.0,2.0,,,24.272,27.979,39.662,0 days 00:31:05.575000,0 days 00:31:33.554000,0 days 00:32:13.216000,284.0,277.0,271.0,332.0,False,SOFT,5.0,True,Mercedes,0 days 00:30:41.303000,2025-03-22 07:17:46.810,1,,False,,False,True,91.913,91.913
144,0 days 00:34:17.160000,ANT,12,0 days 00:02:03.944000,9.0,2.0,,0 days 00:34:15.335000,30.538,36.107,57.299,0 days 00:32:43.754000,0 days 00:33:19.861000,0 days 00:34:17.160000,203.0,213.0,,223.0,False,SOFT,6.0,True,Mercedes,0 days 00:32:13.216000,2025-03-22 07:19:18.723,12,,False,,False,False,123.944,123.94399999999999
145,0 days 00:41:20.764000,ANT,12,,10.0,3.0,0 days 00:39:17.035000,,,35.394,53.512,,0 days 00:40:27.355000,0 days 00:41:20.868000,262.0,252.0,270.0,313.0,False,SOFT,4.0,False,Mercedes,0 days 00:34:17.160000,2025-03-22 07:21:22.667,21,,False,,False,False,,
146,0 days 00:42:52.354000,ANT,12,0 days 00:01:31.590000,11.0,3.0,,,24.271,27.63,39.689,0 days 00:41:45.035000,0 days 00:42:12.665000,0 days 00:42:52.354000,287.0,280.0,272.0,332.0,True,SOFT,5.0,False,Mercedes,0 days 00:41:20.764000,2025-03-22 07:28:26.271,1,,False,,False,True,91.59,91.59
147,0 days 00:44:55.303000,ANT,12,0 days 00:02:02.949000,12.0,3.0,,0 days 00:44:53.579000,32.561,35.62,54.768,0 days 00:43:24.915000,0 days 00:44:00.535000,0 days 00:44:55.303000,137.0,147.0,,299.0,False,SOFT,6.0,False,Mercedes,0 days 00:42:52.354000,2025-03-22 07:29:57.861,1,,False,,False,False,122.949,122.949
148,0 days 00:49:35.027000,ANT,12,,13.0,4.0,0 days 00:47:47.258000,,,34.065,45.463,,0 days 00:48:49.660000,0 days 00:49:35.265000,253.0,253.0,270.0,312.0,False,SOFT,1.0,True,Mercedes,0 days 00:44:55.303000,2025-03-22 07:32:00.810,1,,False,,False,False,,
149,0 days 00:51:36.867000,ANT,12,0 days 00:02:01.840000,14.0,4.0,,,33.832,41.527,46.481,0 days 00:50:08.859000,0 days 00:50:50.386000,0 days 00:51:36.867000,115.0,219.0,272.0,306.0,False,SOFT,2.0,True,Mercedes,0 days 00:49:35.027000,2025-03-22 07:36:40.534,1,,False,,False,True,121.84,121.84
150,0 days 00:53:08.462000,ANT,12,0 days 00:01:31.595000,15.0,4.0,,,24.241,27.51,39.844,0 days 00:52:01.108000,0 days 00:52:28.618000,0 days 00:53:08.462000,285.0,280.0,272.0,333.0,False,SOFT,3.0,True,Mercedes,0 days 00:51:36.867000,2025-03-22 07:38:42.374,1,,False,,False,True,91.595,91.595
151,0 days 00:55:12.996000,ANT,12,0 days 00:02:04.534000,16.0,4.0,,0 days 00:55:11.166000,29.157,37.106,58.271,0 days 00:53:37.619000,0 days 00:54:14.725000,0 days 00:55:12.996000,201.0,199.0,,252.0,False,SOFT,4.0,True,Mercedes,0 days 00:53:08.462000,2025-03-22 07:40:13.969,12,,False,,False,False,124.534,124.534
152,0 days 01:02:59.518000,ANT,12,,17.0,5.0,0 days 01:01:01.985000,,,34.758,47.841,,0 days 01:02:11.819000,0 days 01:02:59.644000,243.0,254.0,272.0,289.0,False,SOFT,1.0,True,Mercedes,0 days 00:55:12.996000,2025-03-22 07:42:18.503,21,,False,,False,False,,
153,0 days 01:04:31.203000,ANT,12,0 days 00:01:31.685000,18.0,5.0,,,24.267,27.517,39.901,0 days 01:03:23.785000,0 days 01:03:51.302000,0 days 01:04:31.203000,285.0,280.0,262.0,332.0,False,SOFT,2.0,True,Mercedes,0 days 01:02:59.518000,2025-03-22 07:50:05.025,1,,True,TRACK LIMITS AT TURN 16 LAP 19 ,False,True,91.685,91.685
154,0 days 01:06:27.168000,ANT,12,0 days 00:01:55.965000,19.0,5.0,,0 days 01:06:25.424000,28.215,35.634,52.116,0 days 01:04:59.418000,0 days 01:05:35.052000,0 days 01:06:27.168000,220.0,142.0,,309.0,False,SOFT,3.0,True,Mercedes,0 days 01:04:31.203000,2025-03-22 07:51:36.710,1,,False,,False,False,115.965,115.965
155,0 days 01:10:50.796000,ANT,12,,20.0,6.0,0 days 01:08:55.358000,,,34.986,47.178,,0 days 01:10:03.750000,0 days 01:10:51.074000,234.0,244.0,271.0,294.0,False,SOFT,1.0,True,Mercedes,0 days 01:06:27.168000,2025-03-22 07:53:32.675,1,,False,,False,False,,
156,0 days 01:12:21.899000,ANT,12,0 days 00:01:31.103000,21.0,6.0,,,24.176,27.301,39.626,0 days 01:11:14.972000,0 days 01:11:42.273000,0 days 01:12:21.899000,285.0,280.0,271.0,333.0,True,SOFT,2.0,True,Mercedes,0 days 01:10:50.796000,2025-03-22 07:57:56.303,1,,False,,False,True,91.103,91.103
157,0 days 01:14:25.905000,ANT,12,0 days 00:02:04.006000,22.0,6.0,,0 days 01:14:20.256000,28.476,34.094,61.436,0 days 01:12:50.375000,0 days 01:13:24.469000,0 days 01:14:25.905000,207.0,220.0,,251.0,False,SOFT,3.0,True,Mercedes,0 days 01:12:21.899000,2025-03-22 07:59:27.406,1,,False,,False,False,124.006,124.006
158,0 days 00:15:15.495000,TSU,22,,1.0,1.0,0 days 00:13:23.978000,,,35.625,45.81,,0 days 00:14:29.860000,0 days 00:15:15.495000,235.0,258.0,271.0,277.0,False,SOFT,6.0,False,Racing Bulls,0 days 00:13:23.978000,2025-03-22 07:00:29.485,1,,False,,False,False,,
159,0 days 00:16:57.787000,TSU,22,0 days 00:01:42.292000,2.0,1.0,,0 days 00:16:55.610000,24.54,27.622,50.13,0 days 00:15:40.035000,0 days 00:16:07.657000,0 days 00:16:57.787000,283.0,276.0,,333.0,False,SOFT,7.0,False,Racing Bulls,0 days 00:15:15.495000,2025-03-22 07:02:21.002,1,,False,,False,False,102.292,102.292
160,0 days 00:21:09.624000,TSU,22,,3.0,2.0,0 days 00:19:05.400000,,,37.217,57.447,,0 days 00:20:12.204000,0 days 00:21:09.791000,214.0,222.0,273.0,289.0,False,SOFT,4.0,False,Racing Bulls,0 days 00:16:57.787000,2025-03-22 07:04:03.294,12,,False,,False,False,,
161,0 days 00:22:41.322000,TSU,22,0 days 00:01:31.698000,4.0,2.0,,,24.312,27.429,39.957,0 days 00:21:33.936000,0 days 00:22:01.365000,0 days 00:22:41.322000,284.0,278.0,270.0,330.0,True,SOFT,5.0,False,Racing Bulls,0 days 00:21:09.624000,2025-03-22 07:08:15.131,1,,False,,False,True,91.698,91.69800000000001
162,0 days 00:24:36.341000,TSU,22,0 days 00:01:55.019000,5.0,2.0,,0 days 00:24:34.624000,27.463,34.467,53.089,0 days 00:23:08.785000,0 days 00:23:43.252000,0 days 00:24:36.341000,244.0,252.0,,258.0,False,SOFT,6.0,False,Racing Bulls,0 days 00:22:41.322000,2025-03-22 07:09:46.829,1,,False,,False,False,115.019,115.019
163,0 days 00:30:00.144000,TSU,22,,6.0,3.0,0 days 00:27:54.679000,,,38.202,51.015,,0 days 00:29:09.129000,0 days 00:30:00.438000,221.0,208.0,273.0,267.0,False,SOFT,1.0,True,Racing Bulls,0 days 00:24:36.341000,2025-03-22 07:11:41.848,1,,False,,False,False,,
164,0 days 00:31:31.382000,TSU,22,0 days 00:01:31.238000,7.0,3.0,,,24.276,27.203,39.759,0 days 00:30:24.420000,0 days 00:30:51.623000,0 days 00:31:31.382000,284.0,278.0,272.0,331.0,True,SOFT,2.0,True,Racing Bulls,0 days 00:30:00.144000,2025-03-22 07:17:05.651,1,,False,,False,True,91.238,91.238
165,0 days 00:33:37.787000,TSU,22,0 days 00:02:06.405000,8.0,3.0,,0 days 00:33:36.070000,30.706,35.985,59.714,0 days 00:32:02.088000,0 days 00:32:38.073000,0 days 00:33:37.787000,198.0,225.0,,265.0,False,SOFT,3.0,True,Racing Bulls,0 days 00:31:31.382000,2025-03-22 07:18:36.889,1,,False,,False,False,126.405,126.405
166,0 days 00:42:08.136000,TSU,22,,9.0,4.0,0 days 00:40:07.573000,,,38.53,49.983,,0 days 00:41:18.153000,0 days 00:42:08.226000,212.0,206.0,274.0,285.0,False,SOFT,1.0,True,Racing Bulls,0 days 00:33:37.787000,2025-03-22 07:20:43.294,12,,False,,False,False,,
167,0 days 00:43:39.561000,TSU,22,0 days 00:01:31.425000,10.0,4.0,,,24.205,27.39,39.83,0 days 00:42:32.341000,0 days 00:42:59.731000,0 days 00:43:39.561000,284.0,279.0,270.0,331.0,True,SOFT,2.0,True,Racing Bulls,0 days 00:42:08.136000,2025-03-22 07:29:13.643,1,,False,,False,True,91.425,91.425
168,0 days 00:45:39.422000,TSU,22,0 days 00:01:59.861000,11.0,4.0,,0 days 00:45:37.669000,28.2,33.365,58.296,0 days 00:44:07.761000,0 days 00:44:41.126000,0 days 00:45:39.422000,232.0,221.0,,223.0,False,SOFT,3.0,True,Racing Bulls,0 days 00:43:39.561000,2025-03-22 07:30:45.068,1,,False,,False,False,119.861,119.86099999999999
169,0 days 00:51:21.391000,TSU,22,,12.0,5.0,0 days 00:49:19.838000,,,38.847,50.705,,0 days 00:50:30.772000,0 days 00:51:21.629000,206.0,204.0,273.0,285.0,False,SOFT,1.0,True,Racing Bulls,0 days 00:45:39.422000,2025-03-22 07:32:44.929,1,,False,,False,False,,
170,0 days 00:52:52.651000,TSU,22,0 days 00:01:31.260000,13.0,5.0,,,24.171,27.269,39.82,0 days 00:51:45.562000,0 days 00:52:12.831000,0 days 00:52:52.651000,285.0,279.0,273.0,331.0,True,SOFT,2.0,True,Racing Bulls,0 days 00:51:21.391000,2025-03-22 07:38:26.898,1,,False,,False,True,91.26,91.25999999999999
171,0 days 00:54:55.657000,TSU,22,0 days 00:02:03.006000,14.0,5.0,,0 days 00:54:53.950000,29.321,33.835,59.85,0 days 00:53:21.972000,0 days 00:53:55.807000,0 days 00:54:55.657000,196.0,213.0,,200.0,False,SOFT,3.0,True,Racing Bulls,0 days 00:52:52.651000,2025-03-22 07:39:58.158,1,,False,,False,False,123.006,123.006
172,0 days 01:03:17.658000,TSU,22,,15.0,6.0,0 days 01:01:23.923000,,,34.734,48.668,,0 days 01:02:29.052000,0 days 01:03:17.708000,231.0,248.0,273.0,274.0,False,SOFT,4.0,False,Racing Bulls,0 days 00:54:55.657000,2025-03-22 07:42:01.164,12,,False,,False,False,,
173,0 days 01:04:49.296000,TSU,22,0 days 00:01:31.638000,16.0,6.0,,,24.28,27.527,39.831,0 days 01:03:41.938000,0 days 01:04:09.465000,0 days 01:04:49.296000,285.0,278.0,272.0,331.0,True,SOFT,5.0,False,Racing Bulls,0 days 01:03:17.658000,2025-03-22 07:50:23.165,1,,False,,False,True,91.638,91.638
174,0 days 01:06:41.193000,TSU,22,0 days 00:01:51.897000,17.0,6.0,,0 days 01:06:39.440000,27.646,32.496,51.755,0 days 01:05:16.942000,0 days 01:05:49.438000,0 days 01:06:41.193000,258.0,249.0,,266.0,False,SOFT,6.0,False,Racing Bulls,0 days 01:04:49.296000,2025-03-22 07:51:54.803,1,,False,,False,False,111.897,111.897
175,0 days 01:11:53.870000,TSU,22,,18.0,7.0,0 days 01:09:53.991000,,,38.658,50.79,,0 days 01:11:03.210000,0 days 01:11:53.980000,206.0,200.0,274.0,266.0,False,SOFT,1.0,True,Racing Bulls,0 days 01:06:41.193000,2025-03-22 07:53:46.700,1,,False,,False,False,,
176,0 days 01:13:45.353000,TSU,22,0 days 00:01:51.483000,19.0,7.0,,0 days 01:13:42.822000,24.214,27.273,59.996,0 days 01:12:18.084000,0 days 01:12:45.357000,0 days 01:13:45.353000,283.0,278.0,,201.0,False,SOFT,2.0,True,Racing Bulls,0 days 01:11:53.870000,2025-03-22 07:58:59.377,1,,False,,False,False,111.483,111.483
177,0 days 00:17:09.844000,ALB,23,,1.0,1.0,0 days 00:15:07.041000,,,35.963,50.755,,0 days 00:16:19.157000,0 days 00:17:09.844000,273.0,269.0,269.0,216.0,False,SOFT,4.0,False,Williams,0 days 00:15:07.041000,2025-03-22 07:02:12.548,12,,False,,False,False,,
178,0 days 00:18:56.704000,ALB,23,0 days 00:01:46.860000,2.0,1.0,,0 days 00:18:54.790000,24.702,27.654,54.504,0 days 00:17:34.546000,0 days 00:18:02.200000,0 days 00:18:56.704000,282.0,276.0,,298.0,False,SOFT,5.0,False,Williams,0 days 00:17:09.844000,2025-03-22 07:04:15.351,1,,False,,False,False,106.86,106.86
179,0 days 00:21:33.016000,ALB,23,,3.0,2.0,0 days 00:19:30.790000,,78.557,32.935,44.831,0 days 00:20:15.282000,0 days 00:20:48.308000,0 days 00:21:33.217000,265.0,269.0,272.0,311.0,False,SOFT,1.0,True,Williams,0 days 00:18:56.704000,2025-03-22 07:06:02.211,1,,False,,False,False,,156.323
180,0 days 00:23:04.986000,ALB,23,0 days 00:01:31.970000,4.0,2.0,,,24.529,27.582,39.859,0 days 00:21:57.545000,0 days 00:22:25.127000,0 days 00:23:04.986000,283.0,278.0,272.0,329.0,True,SOFT,2.0,True,Williams,0 days 00:21:33.016000,2025-03-22 07:08:38.523,1,,False,,False,True,91.97,91.97
181,0 days 00:25:00.060000,ALB,23,0 days 00:01:55.074000,5.0,2.0,,0 days 00:24:57.412000,29.153,33.965,51.956,0 days 00:23:34.139000,0 days 00:24:08.104000,0 days 00:25:00.060000,225.0,248.0,,310.0,False,SOFT,3.0,True,Williams,0 days 00:23:04.986000,2025-03-22 07:10:10.493,1,,False,,False,False,115.074,115.07400000000001
182,0 days 00:30:35.283000,ALB,23,,6.0,3.0,0 days 00:28:21.623000,,,31.211,61.818,,0 days 00:29:33.532000,0 days 00:30:35.517000,276.0,274.0,274.0,295.0,False,SOFT,1.0,True,Williams,0 days 00:25:00.060000,2025-03-22 07:12:05.567,1,,False,,False,False,,
183,0 days 00:32:06.786000,ALB,23,0 days 00:01:31.503000,7.0,3.0,,,24.237,27.477,39.789,0 days 00:30:59.520000,0 days 00:31:26.997000,0 days 00:32:06.786000,284.0,278.0,273.0,330.0,True,SOFT,2.0,True,Williams,0 days 00:30:35.283000,2025-03-22 07:17:40.790,1,,False,,False,True,91.503,91.503
184,0 days 00:34:13.530000,ALB,23,0 days 00:02:06.744000,8.0,3.0,,0 days 00:34:11.695000,30.239,34.736,61.769,0 days 00:32:37.025000,0 days 00:33:11.761000,0 days 00:34:13.530000,215.0,243.0,,200.0,False,SOFT,3.0,True,Williams,0 days 00:32:06.786000,2025-03-22 07:19:12.293,12,,False,,False,False,126.744,126.744
185,0 days 00:43:01.786000,ALB,23,,9.0,4.0,0 days 00:41:05.325000,,,32.787,45.654,,0 days 00:42:16.310000,0 days 00:43:01.789000,243.0,274.0,274.0,244.0,False,SOFT,1.0,True,Williams,0 days 00:34:13.530000,2025-03-22 07:21:19.037,21,,False,,False,False,,
186,0 days 00:44:33.407000,ALB,23,0 days 00:01:31.621000,10.0,4.0,,,24.17,27.647,39.804,0 days 00:43:25.956000,0 days 00:43:53.603000,0 days 00:44:33.407000,284.0,279.0,274.0,329.0,True,SOFT,2.0,True,Williams,0 days 00:43:01.786000,2025-03-22 07:30:07.293,1,,False,,False,True,91.621,91.62100000000001
187,0 days 00:46:25.867000,ALB,23,0 days 00:01:52.460000,11.0,4.0,,0 days 00:46:24.218000,28.572,32.565,51.323,0 days 00:45:01.979000,0 days 00:45:34.544000,0 days 00:46:25.867000,235.0,250.0,,269.0,False,SOFT,3.0,True,Williams,0 days 00:44:33.407000,2025-03-22 07:31:38.914,1,,False,,False,False,112.46,112.46000000000001
188,0 days 00:51:42.575000,ALB,23,,12.0,5.0,0 days 00:49:44.406000,,,35.913,48.411,,0 days 00:50:54.241000,0 days 00:51:42.817000,278.0,274.0,275.0,174.0,False,SOFT,1.0,True,Williams,0 days 00:46:25.867000,2025-03-22 07:33:31.374,1,,False,,False,False,,
189,0 days 00:53:14.170000,ALB,23,0 days 00:01:31.595000,13.0,5.0,,,24.174,27.498,39.923,0 days 00:52:06.749000,0 days 00:52:34.247000,0 days 00:53:14.170000,286.0,279.0,273.0,332.0,True,SOFT,2.0,True,Williams,0 days 00:51:42.575000,2025-03-22 07:38:48.082,1,,False,,False,True,91.595,91.595
190,0 days 00:55:17.133000,ALB,23,0 days 00:02:02.963000,14.0,5.0,,0 days 00:55:15.394000,30.604,34.441,57.918,0 days 00:53:44.774000,0 days 00:54:19.215000,0 days 00:55:17.133000,199.0,232.0,,227.0,False,SOFT,3.0,True,Williams,0 days 00:53:14.170000,2025-03-22 07:40:19.677,12,,False,,False,False,122.963,122.963
191,0 days 01:03:24.726000,ALB,23,,15.0,6.0,0 days 01:01:29.017000,,,33.065,48.06,,0 days 01:02:36.752000,0 days 01:03:24.740000,277.0,272.0,272.0,304.0,False,SOFT,4.0,False,Williams,0 days 00:55:17.133000,2025-03-22 07:42:22.640,21,,False,,False,False,,
192,0 days 01:04:56.432000,ALB,23,0 days 00:01:31.706000,16.0,6.0,,,24.246,27.654,39.806,0 days 01:03:48.972000,0 days 01:04:16.626000,0 days 01:04:56.432000,284.0,278.0,273.0,329.0,True,SOFT,5.0,False,Williams,0 days 01:03:24.726000,2025-03-22 07:50:30.233,1,,False,,False,True,91.706,91.70599999999999
193,0 days 01:06:53.679000,ALB,23,0 days 00:01:57.247000,17.0,6.0,,0 days 01:06:51.872000,29.26,35.045,52.942,0 days 01:05:25.692000,0 days 01:06:00.737000,0 days 01:06:53.679000,218.0,249.0,,281.0,False,SOFT,6.0,False,Williams,0 days 01:04:56.432000,2025-03-22 07:52:01.939,1,,False,,False,False,117.247,117.24700000000001
194,0 days 01:10:37.363000,ALB,23,,18.0,7.0,0 days 01:08:52.861000,,,30.616,44.684,,0 days 01:09:52.679000,0 days 01:10:37.631000,273.0,271.0,272.0,308.0,False,SOFT,4.0,False,Williams,0 days 01:06:53.679000,2025-03-22 07:53:59.186,1,,False,,False,False,,
195,0 days 01:12:09.284000,ALB,23,0 days 00:01:31.921000,19.0,7.0,,,24.374,27.725,39.822,0 days 01:11:01.737000,0 days 01:11:29.462000,0 days 01:12:09.284000,284.0,278.0,275.0,330.0,False,SOFT,5.0,False,Williams,0 days 01:10:37.363000,2025-03-22 07:57:42.870,1,,False,,False,True,91.921,91.921
196,0 days 01:14:10.998000,ALB,23,0 days 00:02:01.714000,20.0,7.0,,0 days 01:14:08.010000,29.998,36.261,55.455,0 days 01:12:39.282000,0 days 01:13:15.543000,0 days 01:14:10.998000,149.0,206.0,,265.0,False,SOFT,6.0,False,Williams,0 days 01:12:09.284000,2025-03-22 07:59:14.791,1,,False,,False,False,121.714,121.714
197,0 days 00:15:56.430000,OCO,31,,1.0,1.0,0 days 00:13:51.407000,,,36.646,49.59,,0 days 00:15:07.026000,0 days 00:15:56.501000,255.0,243.0,266.0,251.0,False,SOFT,1.0,True,Haas F1 Team,0 days 00:13:51.407000,2025-03-22 07:00:56.914,1,,False,,False,False,,
198,0 days 00:17:28.800000,OCO,31,0 days 00:01:32.370000,2.0,1.0,,,24.555,27.558,40.257,0 days 00:16:20.985000,0 days 00:16:48.543000,0 days 00:17:28.800000,282.0,277.0,267.0,326.0,True,SOFT,2.0,True,Haas F1 Team,0 days 00:15:56.430000,2025-03-22 07:03:01.937,12,,False,,False,True,92.37,92.37
199,0 days 00:19:26.699000,OCO,31,0 days 00:01:57.899000,3.0,1.0,,0 days 00:19:24.868000,28.381,34.835,54.683,0 days 00:17:57.181000,0 days 00:18:32.016000,0 days 00:19:26.699000,220.0,239.0,,269.0,False,SOFT,3.0,True,Haas F1 Team,0 days 00:17:28.800000,2025-03-22 07:04:34.307,1,,False,,False,False,117.899,117.899
200,0 days 00:22:47.818000,OCO,31,,4.0,2.0,0 days 00:20:47.626000,,,39.164,51.197,,0 days 00:21:56.763000,0 days 00:22:48.051000,214.0,231.0,267.0,218.0,False,SOFT,1.0,True,Haas F1 Team,0 days 00:19:26.699000,2025-03-22 07:06:32.206,1,,False,,False,False,,
201,0 days 00:24:20.030000,OCO,31,0 days 00:01:32.212000,5.0,2.0,,,24.291,27.72,40.201,0 days 00:23:12.109000,0 days 00:23:39.829000,0 days 00:24:20.030000,285.0,277.0,270.0,327.0,True,SOFT,2.0,True,Haas F1 Team,0 days 00:22:47.818000,2025-03-22 07:09:53.325,1,,False,,False,True,92.212,92.21199999999999
202,0 days 00:26:23.772000,OCO,31,0 days 00:02:03.742000,6.0,2.0,,0 days 00:26:22.075000,29.885,36.201,57.656,0 days 00:24:49.915000,0 days 00:25:26.116000,0 days 00:26:23.772000,245.0,227.0,,224.0,False,SOFT,3.0,True,Haas F1 Team,0 days 00:24:20.030000,2025-03-22 07:11:25.537,1,,False,,False,False,123.742,123.74199999999999
203,0 days 00:30:53.615000,OCO,31,,7.0,3.0,0 days 00:28:56.813000,,,35.249,46.726,,0 days 00:30:06.988000,0 days 00:30:53.941000,227.0,249.0,270.0,298.0,False,SOFT,1.0,True,Haas F1 Team,0 days 00:26:23.772000,2025-03-22 07:13:29.279,1,,False,,False,False,,
204,0 days 00:32:25.491000,OCO,31,0 days 00:01:31.876000,8.0,3.0,,,24.244,27.609,40.023,0 days 00:31:17.859000,0 days 00:31:45.468000,0 days 00:32:25.491000,285.0,279.0,272.0,327.0,True,SOFT,2.0,True,Haas F1 Team,0 days 00:30:53.615000,2025-03-22 07:17:59.122,1,,False,,False,True,91.876,91.876
205,0 days 00:34:29.616000,OCO,31,0 days 00:02:04.125000,9.0,3.0,,0 days 00:34:27.898000,29.894,34.923,59.308,0 days 00:32:55.385000,0 days 00:33:30.308000,0 days 00:34:29.616000,219.0,200.0,,216.0,False,SOFT,3.0,True,Haas F1 Team,0 days 00:32:25.491000,2025-03-22 07:19:30.998,12,,False,,False,False,124.125,124.125
206,0 days 00:41:13.315000,OCO,31,,10.0,4.0,0 days 00:39:15.347000,,,40.028,47.944,,0 days 00:40:25.417000,0 days 00:41:13.419000,196.0,212.0,269.0,297.0,False,SOFT,1.0,True,Haas F1 Team,0 days 00:34:29.616000,2025-03-22 07:21:35.123,21,,False,,False,False,,
207,0 days 00:42:45.110000,OCO,31,0 days 00:01:31.795000,11.0,4.0,,,24.334,27.511,39.95,0 days 00:41:37.649000,0 days 00:42:05.160000,0 days 00:42:45.110000,286.0,280.0,269.0,326.0,True,SOFT,2.0,True,Haas F1 Team,0 days 00:41:13.315000,2025-03-22 07:28:18.822,1,,False,,False,True,91.795,91.795
208,0 days 00:44:50.124000,OCO,31,0 days 00:02:05.014000,12.0,4.0,,0 days 00:44:48.083000,28.242,35.601,61.171,0 days 00:43:13.352000,0 days 00:43:48.953000,0 days 00:44:50.124000,220.0,245.0,,227.0,False,SOFT,3.0,True,Haas F1 Team,0 days 00:42:45.110000,2025-03-22 07:29:50.617,1,,False,,False,False,125.014,125.01400000000001
209,0 days 00:51:00.235000,OCO,31,,13.0,5.0,0 days 00:48:49.663000,,,39.173,49.338,,0 days 00:50:10.909000,0 days 00:51:00.573000,194.0,221.0,270.0,246.0,False,SOFT,1.0,True,Haas F1 Team,0 days 00:44:50.124000,2025-03-22 07:31:55.631,1,,False,,False,False,,
210,0 days 00:52:31.860000,OCO,31,0 days 00:01:31.625000,14.0,5.0,,,24.246,27.489,39.89,0 days 00:51:24.481000,0 days 00:51:51.970000,0 days 00:52:31.860000,286.0,279.0,271.0,326.0,True,SOFT,2.0,True,Haas F1 Team,0 days 00:51:00.235000,2025-03-22 07:38:05.742,1,,False,,False,True,91.625,91.625
211,0 days 00:54:37.580000,OCO,31,0 days 00:02:05.720000,15.0,5.0,,0 days 00:54:34.884000,27.983,34.039,63.698,0 days 00:52:59.843000,0 days 00:53:33.882000,0 days 00:54:37.580000,221.0,200.0,,198.0,False,SOFT,3.0,True,Haas F1 Team,0 days 00:52:31.860000,2025-03-22 07:39:37.367,1,,False,,False,False,125.72,125.72
212,0 days 00:14:55.204000,HUL,27,,1.0,1.0,0 days 00:13:03.373000,,,32.086,46.955,,0 days 00:14:08.282000,0 days 00:14:55.204000,256.0,251.0,270.0,307.0,False,SOFT,1.0,True,Kick Sauber,0 days 00:13:03.373000,2025-03-22 07:00:08.880,1,,False,,False,False,,
213,0 days 00:16:27.881000,HUL,27,0 days 00:01:32.677000,2.0,1.0,,,24.57,27.768,40.339,0 days 00:15:19.774000,0 days 00:15:47.542000,0 days 00:16:27.881000,283.0,278.0,269.0,335.0,True,SOFT,2.0,True,Kick Sauber,0 days 00:14:55.204000,2025-03-22 07:02:00.711,1,,False,,False,True,92.677,92.67699999999999
214,0 days 00:18:30.530000,HUL,27,0 days 00:02:02.649000,3.0,1.0,,0 days 00:18:28.886000,33.444,32.319,56.886,0 days 00:17:01.325000,0 days 00:17:33.644000,0 days 00:18:30.530000,244.0,248.0,,176.0,False,SOFT,3.0,True,Kick Sauber,0 days 00:16:27.881000,2025-03-22 07:03:33.388,12,,False,,False,False,122.649,122.649
215,0 days 00:22:10.912000,HUL,27,,4.0,2.0,0 days 00:20:08.486000,,,37.432,46.784,,0 days 00:21:24.208000,0 days 00:22:11.141000,220.0,228.0,269.0,303.0,False,SOFT,1.0,True,Kick Sauber,0 days 00:18:30.530000,2025-03-22 07:05:36.037,1,,False,,False,False,,
216,0 days 00:23:42.947000,HUL,27,0 days 00:01:32.035000,5.0,2.0,,,24.36,27.663,40.012,0 days 00:22:35.272000,0 days 00:23:02.935000,0 days 00:23:42.947000,286.0,279.0,266.0,330.0,True,SOFT,2.0,True,Kick Sauber,0 days 00:22:10.912000,2025-03-22 07:09:16.419,1,,False,,False,True,92.035,92.035
217,0 days 00:25:31.585000,HUL,27,0 days 00:01:48.638000,6.0,2.0,,0 days 00:25:29.835000,27.28,33.057,48.301,0 days 00:24:10.227000,0 days 00:24:43.284000,0 days 00:25:31.585000,176.0,257.0,,305.0,False,SOFT,3.0,True,Kick Sauber,0 days 00:23:42.947000,2025-03-22 07:10:48.454,1,,False,,False,False,108.638,108.638
218,0 days 00:29:25.647000,HUL,27,,7.0,3.0,0 days 00:27:25.013000,,,34.429,50.545,,0 days 00:28:35.154000,0 days 00:29:25.876000,258.0,253.0,271.0,310.0,False,SOFT,1.0,True,Kick Sauber,0 days 00:25:31.585000,2025-03-22 07:12:37.092,1,,False,,False,False,,
219,0 days 00:30:57.568000,HUL,27,0 days 00:01:31.921000,8.0,3.0,,,24.303,27.609,40.009,0 days 00:29:49.950000,0 days 00:30:17.559000,0 days 00:30:57.568000,285.0,279.0,269.0,333.0,True,SOFT,2.0,True,Kick Sauber,0 days 00:29:25.647000,2025-03-22 07:16:31.154,1,,False,,False,True,91.921,91.921
220,0 days 00:32:52.144000,HUL,27,0 days 00:01:54.576000,9.0,3.0,,0 days 00:32:50.351000,27.851,33.054,53.671,0 days 00:31:25.419000,0 days 00:31:58.473000,0 days 00:32:52.144000,242.0,242.0,,259.0,False,SOFT,3.0,True,Kick Sauber,0 days 00:30:57.568000,2025-03-22 07:18:03.075,1,,False,,False,False,114.576,114.576
221,0 days 00:43:13.763000,HUL,27,,10.0,4.0,0 days 00:41:21.473000,,,33.417,51.635,,0 days 00:42:22.185000,0 days 00:43:13.773000,265.0,243.0,271.0,304.0,False,SOFT,1.0,True,Kick Sauber,0 days 00:32:52.144000,2025-03-22 07:19:57.651,12,,False,,False,False,,
222,0 days 00:44:45.489000,HUL,27,0 days 00:01:31.726000,11.0,4.0,,,24.08,27.655,39.991,0 days 00:43:37.843000,0 days 00:44:05.498000,0 days 00:44:45.489000,285.0,280.0,270.0,332.0,True,SOFT,2.0,True,Kick Sauber,0 days 00:43:13.763000,2025-03-22 07:30:19.270,1,,False,,False,True,91.726,91.726
223,0 days 00:46:30.097000,HUL,27,0 days 00:01:44.608000,12.0,4.0,,0 days 00:46:28.328000,26.196,30.34,48.072,0 days 00:45:11.685000,0 days 00:45:42.025000,0 days 00:46:30.097000,262.0,256.0,,305.0,False,SOFT,3.0,True,Kick Sauber,0 days 00:44:45.489000,2025-03-22 07:31:50.996,1,,False,,False,False,104.608,104.608
224,0 days 00:50:13.791000,HUL,27,,13.0,5.0,0 days 00:48:16.985000,,,33.308,50.254,,0 days 00:49:23.635000,0 days 00:50:13.940000,259.0,252.0,272.0,303.0,False,SOFT,1.0,True,Kick Sauber,0 days 00:46:30.097000,2025-03-22 07:33:35.604,1,,False,,False,False,,
225,0 days 00:51:45.423000,HUL,27,0 days 00:01:31.632000,14.0,5.0,,,24.256,27.481,39.895,0 days 00:50:38.047000,0 days 00:51:05.528000,0 days 00:51:45.423000,285.0,279.0,270.0,333.0,True,SOFT,2.0,True,Kick Sauber,0 days 00:50:13.791000,2025-03-22 07:37:19.298,1,,False,,False,True,91.632,91.632
226,0 days 00:53:41.980000,HUL,27,0 days 00:01:56.557000,15.0,5.0,,0 days 00:53:40.200000,29.919,33.98,52.658,0 days 00:52:15.342000,0 days 00:52:49.322000,0 days 00:53:41.980000,261.0,256.0,,258.0,False,SOFT,3.0,True,Kick Sauber,0 days 00:51:45.423000,2025-03-22 07:38:50.930,1,,False,,False,False,116.557,116.557
227,0 days 00:15:05.985000,ALO,14,,1.0,1.0,0 days 00:13:17.322000,,,32.716,47.641,,0 days 00:14:18.458000,0 days 00:15:06.026000,256.0,257.0,268.0,310.0,False,SOFT,4.0,False,Aston Martin,0 days 00:13:17.322000,2025-03-22 07:00:22.829,1,,False,,False,False,,
228,0 days 00:16:39.176000,ALO,14,0 days 00:01:33.191000,2.0,1.0,,,24.475,28.249,40.467,0 days 00:15:30.460000,0 days 00:15:58.709000,0 days 00:16:39.176000,281.0,272.0,268.0,330.0,True,SOFT,5.0,False,Aston Martin,0 days 00:15:05.985000,2025-03-22 07:02:11.492,1,,False,,False,True,93.191,93.191
229,0 days 00:18:26.349000,ALO,14,0 days 00:01:47.173000,3.0,1.0,,0 days 00:18:24.495000,26.25,29.801,51.122,0 days 00:17:05.426000,0 days 00:17:35.227000,0 days 00:18:26.349000,254.0,241.0,,250.0,False,SOFT,6.0,False,Aston Martin,0 days 00:16:39.176000,2025-03-22 07:03:44.683,12,,False,,False,False,107.173,107.173
230,0 days 00:20:56.037000,ALO,14,0 days 00:02:29.688000,4.0,2.0,0 days 00:18:55.306000,,60.598,35.553,53.537,0 days 00:19:26.947000,0 days 00:20:02.500000,0 days 00:20:56.037000,262.0,253.0,271.0,254.0,False,SOFT,1.0,True,Aston Martin,0 days 00:18:26.349000,2025-03-22 07:05:31.856,1,,False,,False,False,149.688,149.688
231,0 days 00:22:28.095000,ALO,14,0 days 00:01:32.058000,5.0,2.0,,,24.225,27.617,40.216,0 days 00:21:20.262000,0 days 00:21:47.879000,0 days 00:22:28.095000,282.0,276.0,267.0,325.0,True,SOFT,2.0,True,Aston Martin,0 days 00:20:56.037000,2025-03-22 07:08:01.544,1,,False,,False,True,92.058,92.05799999999999
232,0 days 00:24:19.022000,ALO,14,0 days 00:01:50.927000,6.0,2.0,,0 days 00:24:17.289000,26.597,31.624,52.706,0 days 00:22:54.692000,0 days 00:23:26.316000,0 days 00:24:19.022000,228.0,220.0,,222.0,False,SOFT,3.0,True,Aston Martin,0 days 00:22:28.095000,2025-03-22 07:09:33.602,1,,False,,False,False,110.927,110.927
233,0 days 00:29:39.221000,ALO,14,,7.0,3.0,0 days 00:27:26.575000,,,37.602,52.356,,0 days 00:28:46.970000,0 days 00:29:39.324000,262.0,242.0,272.0,274.0,False,SOFT,1.0,True,Aston Martin,0 days 00:24:19.022000,2025-03-22 07:11:24.529,1,,False,,False,False,,
234,0 days 00:31:10.940000,ALO,14,0 days 00:01:31.719000,8.0,3.0,,,24.117,27.736,39.866,0 days 00:30:03.338000,0 days 00:30:31.074000,0 days 00:31:10.940000,282.0,276.0,271.0,326.0,True,SOFT,2.0,True,Aston Martin,0 days 00:29:39.221000,2025-03-22 07:16:44.728,1,,False,,False,True,91.719,91.719
235,0 days 00:33:17.222000,ALO,14,0 days 00:02:06.282000,9.0,3.0,,0 days 00:33:15.407000,30.573,34.847,60.862,0 days 00:31:41.513000,0 days 00:32:16.360000,0 days 00:33:17.222000,203.0,194.0,,178.0,False,SOFT,3.0,True,Aston Martin,0 days 00:31:10.940000,2025-03-22 07:18:16.447,1,,False,,False,False,126.282,126.28200000000001
236,0 days 00:42:20.779000,ALO,14,,10.0,4.0,0 days 00:40:19.136000,,,36.083,55.823,,0 days 00:41:25.149000,0 days 00:42:20.779000,259.0,256.0,272.0,189.0,False,SOFT,1.0,True,Aston Martin,0 days 00:33:17.222000,2025-03-22 07:20:22.729,12,,False,,False,False,,
237,0 days 00:43:52.649000,ALO,14,0 days 00:01:31.870000,11.0,4.0,,,24.171,27.539,40.16,0 days 00:42:44.950000,0 days 00:43:12.489000,0 days 00:43:52.649000,283.0,278.0,270.0,326.0,True,SOFT,2.0,True,Aston Martin,0 days 00:42:20.779000,2025-03-22 07:29:26.286,1,,False,,False,True,91.87,91.87
238,0 days 00:45:48.525000,ALO,14,0 days 00:01:55.876000,12.0,4.0,,0 days 00:45:46.732000,28.294,32.968,54.614,0 days 00:44:20.943000,0 days 00:44:53.911000,0 days 00:45:48.525000,217.0,179.0,,195.0,False,SOFT,3.0,True,Aston Martin,0 days 00:43:52.649000,2025-03-22 07:30:58.156,1,,False,,False,False,115.876,115.876
239,0 days 00:51:47.325000,ALO,14,,13.0,5.0,0 days 00:49:41.765000,,,37.404,55.769,,0 days 00:50:51.683000,0 days 00:51:47.582000,260.0,248.0,273.0,104.0,False,SOFT,1.0,True,Aston Martin,0 days 00:45:48.525000,2025-03-22 07:32:54.032,1,,False,,False,False,,
240,0 days 00:53:19.013000,ALO,14,0 days 00:01:31.688000,14.0,5.0,,,24.067,27.56,40.061,0 days 00:52:11.392000,0 days 00:52:38.952000,0 days 00:53:19.013000,282.0,276.0,268.0,328.0,True,SOFT,2.0,True,Aston Martin,0 days 00:51:47.325000,2025-03-22 07:38:52.832,1,,False,,False,True,91.688,91.68799999999999
241,0 days 00:55:23.771000,ALO,14,0 days 00:02:04.758000,15.0,5.0,,0 days 00:55:22.050000,28.118,34.573,62.067,0 days 00:53:47.131000,0 days 00:54:21.704000,0 days 00:55:23.771000,204.0,174.0,,163.0,False,SOFT,3.0,True,Aston Martin,0 days 00:53:19.013000,2025-03-22 07:40:24.520,12,,False,,False,False,124.758,124.75800000000001
242,0 days 00:14:47.939000,STR,18,,1.0,1.0,0 days 00:12:57.646000,,,34.819,44.943,,0 days 00:14:03.063000,0 days 00:14:48.063000,248.0,259.0,267.0,311.0,False,SOFT,8.0,False,Aston Martin,0 days 00:12:57.646000,2025-03-22 07:00:03.153,1,,False,,False,False,,
243,0 days 00:16:20.963000,STR,18,0 days 00:01:33.024000,2.0,1.0,,,24.652,27.882,40.49,0 days 00:15:12.591000,0 days 00:15:40.473000,0 days 00:16:20.963000,281.0,275.0,267.0,331.0,True,SOFT,9.0,False,Aston Martin,0 days 00:14:47.939000,2025-03-22 07:01:53.446,1,,False,,False,True,93.024,93.024
244,0 days 00:18:18.654000,STR,18,0 days 00:01:57.691000,3.0,1.0,,0 days 00:18:16.932000,31.2,35.646,50.845,0 days 00:16:52.163000,0 days 00:17:27.809000,0 days 00:18:18.654000,242.0,208.0,,302.0,False,SOFT,10.0,False,Aston Martin,0 days 00:16:20.963000,2025-03-22 07:03:26.470,12,,False,,False,False,117.691,117.691
245,0 days 00:20:27.851000,STR,18,0 days 00:02:09.197000,4.0,2.0,0 days 00:18:40.462000,,49.264,34.506,45.427,0 days 00:19:07.918000,0 days 00:19:42.424000,0 days 00:20:27.851000,257.0,254.0,270.0,309.0,False,SOFT,1.0,True,Aston Martin,0 days 00:18:18.654000,2025-03-22 07:05:24.161,1,,False,,False,False,129.197,129.197
246,0 days 00:22:00.016000,STR,18,0 days 00:01:32.165000,5.0,2.0,,,24.414,27.592,40.159,0 days 00:20:52.265000,0 days 00:21:19.857000,0 days 00:22:00.016000,283.0,275.0,268.0,333.0,True,SOFT,2.0,True,Aston Martin,0 days 00:20:27.851000,2025-03-22 07:07:33.358,1,,False,,False,True,92.165,92.16499999999999
247,0 days 00:24:01.784000,STR,18,0 days 00:02:01.768000,6.0,2.0,,0 days 00:23:59.498000,31.029,36.323,54.416,0 days 00:22:31.045000,0 days 00:23:07.368000,0 days 00:24:01.784000,252.0,208.0,,288.0,False,SOFT,3.0,True,Aston Martin,0 days 00:22:00.016000,2025-03-22 07:09:05.523,1,,False,,False,False,121.768,121.768
248,0 days 00:29:19.423000,STR,18,,7.0,3.0,0 days 00:27:22.606000,,,38.131,47.817,,0 days 00:28:31.810000,0 days 00:29:19.679000,257.0,241.0,269.0,305.0,False,SOFT,1.0,True,Aston Martin,0 days 00:24:01.784000,2025-03-22 07:11:07.291,1,,False,,False,False,,
249,0 days 00:30:51.346000,STR,18,0 days 00:01:31.923000,8.0,3.0,,,24.267,27.617,40.039,0 days 00:29:43.690000,0 days 00:30:11.307000,0 days 00:30:51.346000,283.0,277.0,272.0,333.0,True,SOFT,2.0,True,Aston Martin,0 days 00:29:19.423000,2025-03-22 07:16:24.930,1,,False,,False,True,91.923,91.923
250,0 days 00:32:51.365000,STR,18,0 days 00:02:00.019000,9.0,3.0,,0 days 00:32:49.460000,32.932,32.741,54.346,0 days 00:31:24.278000,0 days 00:31:57.019000,0 days 00:32:51.365000,253.0,229.0,,261.0,False,SOFT,3.0,True,Aston Martin,0 days 00:30:51.346000,2025-03-22 07:17:56.853,1,,False,,False,False,120.019,120.019
251,0 days 00:41:55.876000,STR,18,,10.0,4.0,0 days 00:39:56.076000,,,37.622,47.014,,0 days 00:41:09.028000,0 days 00:41:55.977000,237.0,229.0,271.0,305.0,False,SOFT,1.0,True,Aston Martin,0 days 00:32:51.365000,2025-03-22 07:19:56.872,12,,False,,False,False,,
252,0 days 00:43:27.649000,STR,18,0 days 00:01:31.773000,11.0,4.0,,,24.267,27.391,40.115,0 days 00:42:20.143000,0 days 00:42:47.534000,0 days 00:43:27.649000,284.0,278.0,269.0,326.0,True,SOFT,2.0,True,Aston Martin,0 days 00:41:55.876000,2025-03-22 07:29:01.383,1,,False,,False,True,91.773,91.773
253,0 days 00:45:30.620000,STR,18,0 days 00:02:02.971000,12.0,4.0,,0 days 00:45:28.839000,30.684,36.666,55.621,0 days 00:43:58.333000,0 days 00:44:34.999000,0 days 00:45:30.620000,223.0,206.0,,265.0,False,SOFT,3.0,True,Aston Martin,0 days 00:43:27.649000,2025-03-22 07:30:33.156,1,,False,,False,False,122.971,122.971
254,0 days 00:51:31.138000,STR,18,,13.0,5.0,0 days 00:49:28.104000,,,40.16,48.716,,0 days 00:50:42.496000,0 days 00:51:31.270000,236.0,235.0,271.0,291.0,False,SOFT,1.0,True,Aston Martin,0 days 00:45:30.620000,2025-03-22 07:32:36.127,1,,False,,False,False,,
255,0 days 00:53:02.989000,STR,18,0 days 00:01:31.851000,14.0,5.0,,,24.133,27.628,40.09,0 days 00:51:55.271000,0 days 00:52:22.899000,0 days 00:53:02.989000,283.0,277.0,270.0,327.0,False,SOFT,2.0,True,Aston Martin,0 days 00:51:31.138000,2025-03-22 07:38:36.645,1,,False,,False,True,91.851,91.851
256,0 days 00:55:10.715000,STR,18,0 days 00:02:07.726000,15.0,5.0,,0 days 00:55:08.421000,29.88,37.471,60.375,0 days 00:53:32.869000,0 days 00:54:10.340000,0 days 00:55:10.715000,177.0,201.0,,228.0,False,SOFT,3.0,True,Aston Martin,0 days 00:53:02.989000,2025-03-22 07:40:08.496,12,,False,,False,False,127.726,127.726
257,0 days 00:15:22.826000,SAI,55,,1.0,1.0,0 days 00:13:25.791000,,,33.347,49.705,,0 days 00:14:33.251000,0 days 00:15:22.826000,274.0,265.0,269.0,275.0,False,SOFT,4.0,False,Williams,0 days 00:13:25.791000,2025-03-22 07:00:31.298,1,,False,,False,False,,
258,0 days 00:16:55.838000,SAI,55,0 days 00:01:33.012000,2.0,1.0,,,24.635,27.737,40.64,0 days 00:15:47.461000,0 days 00:16:15.198000,0 days 00:16:55.838000,281.0,276.0,267.0,332.0,True,SOFT,5.0,False,Williams,0 days 00:15:22.826000,2025-03-22 07:02:28.333,1,,False,,False,True,93.012,93.012
259,0 days 00:18:45.450000,SAI,55,0 days 00:01:49.612000,3.0,1.0,,0 days 00:18:43.587000,28.48,31.873,49.259,0 days 00:17:24.318000,0 days 00:17:56.191000,0 days 00:18:45.450000,254.0,120.0,,313.0,False,SOFT,6.0,False,Williams,0 days 00:16:55.838000,2025-03-22 07:04:01.345,12,,False,,False,False,109.612,109.612
260,0 days 00:21:23.298000,SAI,55,,4.0,2.0,0 days 00:19:10.400000,,77.083,32.201,48.582,0 days 00:20:02.610000,0 days 00:20:34.736000,0 days 00:21:23.588000,271.0,269.0,271.0,299.0,False,SOFT,1.0,True,Williams,0 days 00:18:45.450000,2025-03-22 07:05:50.957,1,,False,,False,False,,157.86599999999999
261,0 days 00:22:55.539000,SAI,55,0 days 00:01:32.241000,5.0,2.0,,,24.479,27.641,40.121,0 days 00:21:47.777000,0 days 00:22:15.418000,0 days 00:22:55.539000,284.0,278.0,267.0,332.0,True,SOFT,2.0,True,Williams,0 days 00:21:23.298000,2025-03-22 07:08:28.805,1,,False,,False,True,92.241,92.241
262,0 days 00:24:46.556000,SAI,55,0 days 00:01:51.017000,6.0,2.0,,0 days 00:24:44.737000,27.666,33.499,49.852,0 days 00:23:23.205000,0 days 00:23:56.704000,0 days 00:24:46.556000,255.0,251.0,,296.0,False,SOFT,3.0,True,Williams,0 days 00:22:55.539000,2025-03-22 07:10:01.046,1,,False,,False,False,111.017,111.017
263,0 days 00:30:30.347000,SAI,55,,7.0,3.0,0 days 00:28:13.607000,,,31.239,69.99,,0 days 00:29:20.554000,0 days 00:30:30.533000,264.0,269.0,272.0,285.0,False,SOFT,1.0,True,Williams,0 days 00:24:46.556000,2025-03-22 07:11:52.063,1,,False,,False,False,,
264,0 days 00:32:01.975000,SAI,55,0 days 00:01:31.628000,8.0,3.0,,,24.289,27.48,39.859,0 days 00:30:54.636000,0 days 00:31:22.116000,0 days 00:32:01.975000,284.0,278.0,269.0,330.0,True,SOFT,2.0,True,Williams,0 days 00:30:30.347000,2025-03-22 07:17:35.854,1,,False,,False,True,91.628,91.62800000000001
265,0 days 00:34:02.444000,SAI,55,0 days 00:02:00.469000,9.0,3.0,,0 days 00:34:00.808000,28.944,34.023,57.502,0 days 00:32:30.919000,0 days 00:33:04.942000,0 days 00:34:02.444000,228.0,201.0,,260.0,False,SOFT,3.0,True,Williams,0 days 00:32:01.975000,2025-03-22 07:19:07.482,12,,False,,False,False,120.469,120.469
266,0 days 00:41:32.393000,SAI,55,,10.0,4.0,0 days 00:39:24.957000,,,32.383,50.943,,0 days 00:40:41.495000,0 days 00:41:32.633000,277.0,265.0,271.0,305.0,False,SOFT,1.0,True,Williams,0 days 00:34:02.444000,2025-03-22 07:21:07.951,21,,False,,False,False,,
267,0 days 00:43:04.359000,SAI,55,0 days 00:01:31.966000,11.0,4.0,,,24.308,27.525,40.133,0 days 00:41:56.701000,0 days 00:42:24.226000,0 days 00:43:04.359000,285.0,279.0,272.0,332.0,True,SOFT,2.0,True,Williams,0 days 00:41:32.393000,2025-03-22 07:28:37.900,1,,False,,False,True,91.966,91.96600000000001
268,0 days 00:45:02.227000,SAI,55,0 days 00:01:57.868000,12.0,4.0,,0 days 00:45:00.448000,30.615,34.687,52.566,0 days 00:43:34.974000,0 days 00:44:09.661000,0 days 00:45:02.227000,245.0,242.0,,261.0,False,SOFT,3.0,True,Williams,0 days 00:43:04.359000,2025-03-22 07:30:09.866,1,,False,,False,False,117.868,117.868
269,0 days 00:51:54.252000,SAI,55,,13.0,5.0,0 days 00:49:48.250000,,,36.77,52.505,,0 days 00:51:01.839000,0 days 00:51:54.524000,278.0,271.0,273.0,300.0,False,SOFT,1.0,True,Williams,0 days 00:45:02.227000,2025-03-22 07:32:07.734,1,,False,,False,False,,
270,0 days 00:53:26.092000,SAI,55,0 days 00:01:31.840000,14.0,5.0,,,24.231,27.5,40.109,0 days 00:52:18.483000,0 days 00:52:45.983000,0 days 00:53:26.092000,284.0,279.0,268.0,333.0,True,SOFT,2.0,True,Williams,0 days 00:51:54.252000,2025-03-22 07:38:59.759,1,,False,,False,True,91.84,91.84
271,0 days 00:55:31.158000,SAI,55,0 days 00:02:05.066000,15.0,5.0,,0 days 00:55:29.394000,31.599,35.134,58.333,0 days 00:53:57.691000,0 days 00:54:32.825000,0 days 00:55:31.158000,200.0,194.0,,221.0,False,SOFT,3.0,True,Williams,0 days 00:53:26.092000,2025-03-22 07:40:31.599,12,,False,,False,False,125.066,125.066
272,0 days 00:16:03.502000,GAS,10,,1.0,1.0,0 days 00:13:59.375000,,,33.801,52.012,,0 days 00:15:11.588000,0 days 00:16:03.533000,254.0,247.0,267.0,305.0,False,SOFT,4.0,False,Alpine,0 days 00:13:59.375000,2025-03-22 07:01:04.882,1,,False,,False,False,,
273,0 days 00:17:35.812000,GAS,10,0 days 00:01:32.310000,2.0,1.0,,,24.345,27.774,40.191,0 days 00:16:27.847000,0 days 00:16:55.621000,0 days 00:17:35.812000,280.0,275.0,266.0,331.0,True,SOFT,5.0,False,Alpine,0 days 00:16:03.502000,2025-03-22 07:03:09.009,12,,False,,False,True,92.31,92.31
274,0 days 00:19:29.656000,GAS,10,0 days 00:01:53.844000,3.0,1.0,,0 days 00:19:27.587000,27.87,31.895,54.079,0 days 00:18:03.682000,0 days 00:18:35.577000,0 days 00:19:29.656000,253.0,250.0,,282.0,False,SOFT,6.0,False,Alpine,0 days 00:17:35.812000,2025-03-22 07:04:41.319,1,,False,,False,False,113.844,113.844
275,0 days 00:22:02.588000,GAS,10,,4.0,2.0,0 days 00:20:02.345000,,68.281,35.805,48.875,0 days 00:20:37.908000,0 days 00:21:13.829000,0 days 00:22:02.751000,259.0,249.0,268.0,230.0,False,SOFT,1.0,True,Alpine,0 days 00:19:29.656000,2025-03-22 07:06:35.163,1,,False,,False,False,,152.961
276,0 days 00:23:34.802000,GAS,10,0 days 00:01:32.214000,5.0,2.0,,,24.328,27.857,40.029,0 days 00:22:26.916000,0 days 00:22:54.773000,0 days 00:23:34.802000,282.0,274.0,269.0,328.0,True,SOFT,2.0,True,Alpine,0 days 00:22:02.588000,2025-03-22 07:09:08.095,1,,False,,False,True,92.214,92.214
277,0 days 00:25:30.023000,GAS,10,0 days 00:01:55.221000,6.0,2.0,,0 days 00:25:28.192000,28.247,33.65,53.324,0 days 00:24:03.049000,0 days 00:24:36.699000,0 days 00:25:30.023000,252.0,246.0,,284.0,False,SOFT,3.0,True,Alpine,0 days 00:23:34.802000,2025-03-22 07:10:40.309,1,,False,,False,False,115.221,115.221
278,0 days 00:30:44.811000,GAS,10,,7.0,3.0,0 days 00:28:41.876000,,,34.117,54.48,,0 days 00:29:50.361000,0 days 00:30:45.008000,262.0,253.0,268.0,303.0,False,SOFT,1.0,True,Alpine,0 days 00:25:30.023000,2025-03-22 07:12:35.530,1,,False,,False,False,,
279,0 days 00:32:16.803000,GAS,10,0 days 00:01:31.992000,8.0,3.0,,,24.128,27.601,40.263,0 days 00:31:08.939000,0 days 00:31:36.540000,0 days 00:32:16.803000,282.0,276.0,270.0,330.0,True,SOFT,2.0,True,Alpine,0 days 00:30:44.811000,2025-03-22 07:17:50.318,1,,False,,False,True,91.992,91.99199999999999
280,0 days 00:34:24.079000,GAS,10,0 days 00:02:07.276000,9.0,3.0,,0 days 00:34:20.648000,29.288,35.861,62.127,0 days 00:32:46.091000,0 days 00:33:21.952000,0 days 00:34:24.079000,195.0,246.0,,228.0,False,SOFT,3.0,True,Alpine,0 days 00:32:16.803000,2025-03-22 07:19:22.310,12,,False,,False,False,127.276,127.27600000000001
281,0 days 00:15:30.590000,BEA,87,,1.0,1.0,0 days 00:13:34.881000,,,33.698,49.075,,0 days 00:14:41.657000,0 days 00:15:30.706000,238.0,250.0,267.0,292.0,False,SOFT,1.0,True,Haas F1 Team,0 days 00:13:34.881000,2025-03-22 07:00:40.388,1,,False,,False,False,,
282,0 days 00:17:03.360000,BEA,87,0 days 00:01:32.770000,2.0,1.0,,,24.71,27.859,40.201,0 days 00:15:55.300000,0 days 00:16:23.159000,0 days 00:17:03.360000,283.0,276.0,269.0,329.0,True,SOFT,2.0,True,Haas F1 Team,0 days 00:15:30.590000,2025-03-22 07:02:36.097,12,,False,,False,True,92.77,92.77000000000001
283,0 days 00:19:03.742000,BEA,87,0 days 00:02:00.382000,3.0,1.0,,0 days 00:19:00.837000,32.616,33.02,54.746,0 days 00:17:35.976000,0 days 00:18:08.996000,0 days 00:19:03.742000,222.0,248.0,,302.0,False,SOFT,3.0,True,Haas F1 Team,0 days 00:17:03.360000,2025-03-22 07:04:08.867,21,,False,,False,False,120.382,120.382
284,0 days 00:23:00.934000,BEA,87,,4.0,2.0,0 days 00:20:57.766000,,,37.795,54.99,,0 days 00:22:06.001000,0 days 00:23:01.267000,241.0,239.0,267.0,217.0,False,SOFT,1.0,True,Haas F1 Team,0 days 00:19:03.742000,2025-03-22 07:06:09.249,1,,False,,False,False,,
285,0 days 00:24:32.952000,BEA,87,0 days 00:01:32.018000,5.0,2.0,,,24.427,27.599,39.992,0 days 00:23:25.361000,0 days 00:23:52.960000,0 days 00:24:32.952000,286.0,277.0,270.0,327.0,True,SOFT,2.0,True,Haas F1 Team,0 days 00:23:00.934000,2025-03-22 07:10:06.441,1,,False,,False,True,92.018,92.018
286,0 days 00:26:24.802000,BEA,87,0 days 00:01:51.850000,6.0,2.0,,0 days 00:26:23.044000,27.235,32.276,52.339,0 days 00:25:00.187000,0 days 00:25:32.463000,0 days 00:26:24.802000,254.0,250.0,,302.0,False,SOFT,3.0,True,Haas F1 Team,0 days 00:24:32.952000,2025-03-22 07:11:38.459,1,,False,,False,False,111.85,111.85
287,0 days 00:30:56.208000,BEA,87,,7.0,3.0,0 days 00:29:03.017000,,,34.709,47.507,,0 days 00:30:08.781000,0 days 00:30:56.452000,260.0,251.0,268.0,303.0,False,SOFT,1.0,True,Haas F1 Team,0 days 00:26:24.802000,2025-03-22 07:13:30.309,1,,False,,False,False,,
288,0 days 00:33:06.031000,BEA,87,0 days 00:02:09.823000,8.0,3.0,,0 days 00:33:04.250000,34.226,37.456,58.141,0 days 00:31:30.434000,0 days 00:32:07.890000,0 days 00:33:06.031000,214.0,241.0,,211.0,False,SOFT,2.0,True,Haas F1 Team,0 days 00:30:56.208000,2025-03-22 07:18:01.715,1,,False,,False,False,129.823,129.823
289,0 days 00:16:10.936000,DOO,7,,1.0,1.0,0 days 00:14:07.032000,,,32.84,47.03,,0 days 00:15:23.921000,0 days 00:16:10.965000,247.0,253.0,268.0,300.0,False,SOFT,1.0,True,Alpine,0 days 00:14:07.032000,2025-03-22 07:01:12.539,1,,False,,False,False,,
290,0 days 00:18:05.931000,DOO,7,0 days 00:01:54.995000,2.0,1.0,,0 days 00:18:02.948000,24.468,37.456,53.071,0 days 00:16:35.404000,0 days 00:17:12.860000,0 days 00:18:05.931000,281.0,257.0,,267.0,False,SOFT,2.0,True,Alpine,0 days 00:16:10.936000,2025-03-22 07:03:16.443,12,,False,,False,False,114.995,114.995
291,0 days 00:21:16.681000,DOO,7,,3.0,2.0,0 days 00:19:07.665000,,,33.624,51.688,,0 days 00:20:25.079000,0 days 00:21:16.881000,252.0,251.0,270.0,138.0,False,SOFT,1.0,True,Alpine,0 days 00:18:05.931000,2025-03-22 07:05:11.438,1,,False,,False,False,,
292,0 days 00:22:49.192000,DOO,7,0 days 00:01:32.511000,4.0,2.0,,,24.553,27.652,40.306,0 days 00:21:41.234000,0 days 00:22:08.886000,0 days 00:22:49.192000,283.0,276.0,269.0,329.0,True,SOFT,2.0,True,Alpine,0 days 00:21:16.681000,2025-03-22 07:08:22.188,1,,False,,False,True,92.511,92.511
293,0 days 00:24:43.154000,DOO,7,0 days 00:01:53.962000,5.0,2.0,,0 days 00:24:41.378000,27.12,31.684,55.158,0 days 00:23:16.312000,0 days 00:23:47.996000,0 days 00:24:43.154000,255.0,238.0,,268.0,False,SOFT,3.0,True,Alpine,0 days 00:22:49.192000,2025-03-22 07:09:54.699,1,,False,,False,False,113.962,113.962
294,0 days 00:30:50.370000,DOO,7,,6.0,3.0,0 days 00:28:50.173000,,,32.584,55.901,,0 days 00:29:54.469000,0 days 00:30:50.571000,266.0,259.0,271.0,304.0,False,SOFT,1.0,True,Alpine,0 days 00:24:43.154000,2025-03-22 07:11:48.661,1,,False,,False,False,,
295,0 days 00:32:22.462000,DOO,7,0 days 00:01:32.092000,7.0,3.0,,,24.407,27.655,40.03,0 days 00:31:14.777000,0 days 00:31:42.432000,0 days 00:32:22.462000,284.0,278.0,272.0,331.0,True,SOFT,2.0,True,Alpine,0 days 00:30:50.370000,2025-03-22 07:17:55.877,1,,False,,False,True,92.092,92.092
296,0 days 00:34:31.948000,DOO,7,0 days 00:02:09.486000,8.0,3.0,,0 days 00:34:30.164000,31.509,35.093,62.884,0 days 00:32:53.971000,0 days 00:33:29.064000,0 days 00:34:31.948000,220.0,205.0,,226.0,False,SOFT,3.0,True,Alpine,0 days 00:32:22.462000,2025-03-22 07:19:27.969,12,,False,,False,False,129.486,129.486
297,0 days 00:15:01.199000,BOR,5,,1.0,1.0,0 days 00:13:12.061000,,,31.422,47.408,,0 days 00:14:13.849000,0 days 00:15:01.260000,252.0,250.0,268.0,300.0,False,SOFT,1.0,True,Kick Sauber,0 days 00:13:12.061000,2025-03-22 07:00:17.568,1,,False,,False,False,,
298,0 days 00:16:34.135000,BOR,5,0 days 00:01:32.936000,2.0,1.0,,,24.674,27.908,40.354,0 days 00:15:25.873000,0 days 00:15:53.781000,0 days 00:16:34.135000,284.0,276.0,266.0,333.0,True,SOFT,2.0,True,Kick Sauber,0 days 00:15:01.199000,2025-03-22 07:02:06.706,1,,False,,False,True,92.936,92.936
299,0 days 00:18:28.827000,BOR,5,0 days 00:01:54.692000,3.0,1.0,,0 days 00:18:27.073000,31.894,31.082,51.716,0 days 00:17:06.029000,0 days 00:17:37.111000,0 days 00:18:28.827000,250.0,253.0,,289.0,False,SOFT,3.0,True,Kick Sauber,0 days 00:16:34.135000,2025-03-22 07:03:39.642,12,,False,,False,False,114.692,114.69200000000001
300,0 days 00:21:01.381000,BOR,5,,4.0,2.0,0 days 00:19:05.446000,,71.645,32.008,48.94,0 days 00:19:40.576000,0 days 00:20:12.517000,0 days 00:21:01.669000,255.0,252.0,271.0,256.0,False,SOFT,1.0,True,Kick Sauber,0 days 00:18:28.827000,2025-03-22 07:05:34.334,1,,False,,False,False,,152.593
301,0 days 00:22:33.522000,BOR,5,0 days 00:01:32.141000,5.0,2.0,,,24.516,27.517,40.108,0 days 00:21:25.897000,0 days 00:21:53.414000,0 days 00:22:33.522000,285.0,278.0,263.0,330.0,True,SOFT,2.0,True,Kick Sauber,0 days 00:21:01.381000,2025-03-22 07:08:06.888,1,,False,,False,True,92.141,92.14099999999999
302,0 days 00:24:30.226000,BOR,5,0 days 00:01:56.704000,6.0,2.0,,0 days 00:24:28.546000,28.167,32.433,56.104,0 days 00:23:01.689000,0 days 00:23:34.122000,0 days 00:24:30.226000,232.0,249.0,,158.0,False,SOFT,3.0,True,Kick Sauber,0 days 00:22:33.522000,2025-03-22 07:09:39.029,1,,False,,False,False,116.704,116.70400000000001
303,0 days 00:29:47.218000,BOR,5,,7.0,3.0,0 days 00:27:29.841000,,,32.711,54.754,,0 days 00:28:52.579000,0 days 00:29:47.461000,261.0,250.0,270.0,247.0,False,SOFT,1.0,True,Kick Sauber,0 days 00:24:30.226000,2025-03-22 07:11:35.733,1,,False,,False,False,,
304,0 days 00:31:19.375000,BOR,5,0 days 00:01:32.157000,8.0,3.0,,,24.318,27.768,40.071,0 days 00:30:11.536000,0 days 00:30:39.304000,0 days 00:31:19.375000,285.0,276.0,268.0,332.0,False,SOFT,2.0,True,Kick Sauber,0 days 00:29:47.218000,2025-03-22 07:16:52.725,1,,False,,False,True,92.157,92.157
305,0 days 00:33:25.757000,BOR,5,0 days 00:02:06.382000,9.0,3.0,,0 days 00:33:24.111000,31.556,36.138,58.688,0 days 00:31:50.931000,0 days 00:32:27.069000,0 days 00:33:25.757000,192.0,241.0,,246.0,False,SOFT,3.0,True,Kick Sauber,0 days 00:31:19.375000,2025-03-22 07:18:24.882,1,,False,,False,False,126.382,126.382
306,0 days 00:16:25.586000,LAW,30,,1.0,1.0,0 days 00:14:25.063000,,,33.541,51.985,,0 days 00:15:33.659000,0 days 00:16:25.586000,236.0,244.0,268.0,266.0,False,SOFT,7.0,False,Red Bull Racing,0 days 00:14:25.063000,2025-03-22 07:01:30.570,1,,False,,False,False,,
307,0 days 00:18:06.931000,LAW,30,0 days 00:01:41.345000,2.0,1.0,,0 days 00:18:04.995000,24.578,28.043,48.724,0 days 00:16:50.164000,0 days 00:17:18.207000,0 days 00:18:06.931000,283.0,273.0,,334.0,False,SOFT,8.0,False,Red Bull Racing,0 days 00:16:25.586000,2025-03-22 07:03:31.093,12,,False,,False,False,101.345,101.345
308,0 days 00:21:46.744000,LAW,30,,3.0,2.0,0 days 00:19:56.592000,,,33.837,45.763,,0 days 00:21:01.088000,0 days 00:21:47.028000,223.0,238.0,272.0,269.0,False,SOFT,1.0,True,Red Bull Racing,0 days 00:18:06.931000,2025-03-22 07:05:12.438,1,,False,,False,False,,
309,0 days 00:23:19.236000,LAW,30,0 days 00:01:32.492000,4.0,2.0,,,24.557,27.649,40.286,0 days 00:22:11.301000,0 days 00:22:38.950000,0 days 00:23:19.236000,284.0,277.0,267.0,331.0,True,SOFT,2.0,True,Red Bull Racing,0 days 00:21:46.744000,2025-03-22 07:08:52.251,1,,False,,False,True,92.492,92.492
310,0 days 00:25:11.201000,LAW,30,0 days 00:01:51.965000,5.0,2.0,,0 days 00:25:09.421000,27.582,32.219,52.164,0 days 00:23:46.818000,0 days 00:24:19.037000,0 days 00:25:11.201000,242.0,245.0,,267.0,False,SOFT,3.0,True,Red Bull Racing,0 days 00:23:19.236000,2025-03-22 07:10:24.743,1,,False,,False,False,111.965,111.965
311,0 days 00:30:48.181000,LAW,30,,6.0,3.0,0 days 00:28:29.794000,,,33.954,67.636,,0 days 00:29:40.648000,0 days 00:30:48.445000,226.0,232.0,263.0,210.0,False,SOFT,1.0,True,Red Bull Racing,0 days 00:25:11.201000,2025-03-22 07:12:16.708,1,,False,,False,False,,
312,0 days 00:32:20.355000,LAW,30,0 days 00:01:32.174000,7.0,3.0,,,24.522,27.622,40.03,0 days 00:31:12.703000,0 days 00:31:40.325000,0 days 00:32:20.355000,285.0,275.0,270.0,332.0,True,SOFT,2.0,True,Red Bull Racing,0 days 00:30:48.181000,2025-03-22 07:17:53.688,1,,False,,False,True,92.174,92.174
313,0 days 00:34:24.956000,LAW,30,0 days 00:02:04.601000,8.0,3.0,,0 days 00:34:23.117000,32.313,34.801,57.487,0 days 00:32:52.668000,0 days 00:33:27.469000,0 days 00:34:24.956000,205.0,230.0,,236.0,False,SOFT,3.0,True,Red Bull Racing,0 days 00:32:20.355000,2025-03-22 07:19:25.862,12,,False,,False,False,124.601,124.601
